"time","timeDate","close","high","low","open","volumefrom","volumeto","ts"
1502928000000,"2017-08-16",0.00001422,0.00001809,0.00001296,0.00001371,84112775.82,1243.49,
1503014400000,"2017-08-17",0.00001321,0.00001446,0.00001291,0.00001422,49239128.92,660.47,
1503100800000,"2017-08-18",0.00001302,0.00001396,0.00001182,0.00001321,41151543.29,532.59,
1503187200000,"2017-08-19",0.00001362,0.00001374,0.00001268,0.00001302,24128999.73,319.67,
1503273600000,"2017-08-20",0.00001279,0.00001386,0.0000122,0.00001362,32588298.2,425.52,
1503360000000,"2017-08-21",0.00001207,0.00001283,0.00001182,0.00001279,22398100.96,276.13,
1503446400000,"2017-08-22",0.00001237,0.00001359,0.00001184,0.00001207,43341491.36,546.63,
1503532800000,"2017-08-23",0.00001235,0.00001346,0.00001206,0.00001237,39214551.58,488.82,
1503619200000,"2017-08-24",0.00001168,0.0000124,0.00001142,0.00001235,38508808.2,459.18,
1503705600000,"2017-08-25",0.00001178,0.00001224,0.00001153,0.00001168,30768898.11,363.84,
1503792000000,"2017-08-26",0.00001189,0.00001205,0.00001155,0.00001178,29816448.27,349.86,
1503878400000,"2017-08-27",0.00001133,0.00001189,0.00001101,0.00001189,43532275.22,501.05,
1503964800000,"2017-08-28",0.0000108,0.00001218,0.00001031,0.00001133,61402485.5,688.54,
1504051200000,"2017-08-29",0.00001049,0.00001119,0.00001019,0.0000108,42230050.97,447.34,
1504137600000,"2017-08-30",0.00001035,0.00001105,0.00000988,0.00001049,59190522.86,615.09,
1504224000000,"2017-08-31",0.00000998,0.00001055,0.00000985,0.00001035,53317184.62,539.01,
1504310400000,"2017-09-01",0.00000906,0.00000998,0.00000891,0.00000998,44602583.54,417.52,
1504396800000,"2017-09-02",0.00000896,0.00000941,0.00000856,0.00000906,44625934.01,399.75,
1504483200000,"2017-09-03",0.00000767,0.00000905,0.00000667,0.00000896,109497408.61,840.77,
1504569600000,"2017-09-04",0.00000786,0.00000811,0.00000706,0.00000767,53910533.53,408.23,
1504656000000,"2017-09-05",0.00000913,0.00000977,0.00000707,0.00000786,164857596.58,1391.04,
1504742400000,"2017-09-06",0.00000824,0.00000914,0.00000773,0.00000913,93397013.6,778.12,
1504828800000,"2017-09-07",0.00000736,0.00000828,0.00000703,0.00000824,85226052.05,646.41,
1504915200000,"2017-09-08",0.00000737,0.00000755,0.00000694,0.00000736,51341487.44,367.34,
1505001600000,"2017-09-09",0.00000705,0.00000756,0.00000681,0.00000737,49004821.89,344.36,
1505088000000,"2017-09-10",0.00000683,0.00000708,0.0000068,0.00000705,35117822,242.68,
1505174400000,"2017-09-11",0.00000683,0.00000728,0.00000661,0.00000683,63309764.8,437.82,
1505260800000,"2017-09-12",0.00000681,0.00000694,0.00000638,0.00000683,38931177.88,256.89,
1505347200000,"2017-09-13",0.00000626,0.00000698,0.00000608,0.00000681,40609754.5,260.93,
1505433600000,"2017-09-14",0.00000601,0.00000657,0.00000564,0.00000626,58499875.89,351.98,
1505520000000,"2017-09-15",0.00000577,0.00000611,0.00000563,0.00000601,29690074.19,173.16,
1505606400000,"2017-09-16",0.00000591,0.00000604,0.00000554,0.00000577,34183580.67,199.09,
1505692800000,"2017-09-17",0.00000738,0.00000748,0.00000585,0.00000591,81299239.01,543.78,
1505779200000,"2017-09-18",0.00000625,0.00000739,0.00000597,0.00000738,70827968.74,453.8,
1505865600000,"2017-09-19",0.00000618,0.00000637,0.00000602,0.00000625,31344582.04,194.18,
1505952000000,"2017-09-20",0.0000058,0.00000628,0.0000057,0.00000618,27519971.09,164.09,
1506038400000,"2017-09-21",0.0000059,0.00000603,0.00000552,0.0000058,31248658.18,180.86,
1506124800000,"2017-09-22",0.00000605,0.00000616,0.00000582,0.0000059,15105839.05,90.92,
1506211200000,"2017-09-23",0.00000601,0.00000617,0.00000591,0.00000605,11966263.73,72.05,
1506297600000,"2017-09-24",0.00000587,0.00000602,0.00000564,0.00000601,19724289.12,115.57,
1506384000000,"2017-09-25",0.00000699,0.00000719,0.00000586,0.00000587,103012043.09,687.93,
1506470400000,"2017-09-26",0.00000692,0.00000815,0.00000686,0.00000699,157748605.76,1183.75,
1506556800000,"2017-09-27",0.00000683,0.00000727,0.00000652,0.00000692,46237476.15,314.85,
1506643200000,"2017-09-28",0.00000659,0.00000706,0.00000639,0.00000683,26799920.56,175.94,
1506729600000,"2017-09-29",0.00000707,0.00000715,0.00000658,0.00000659,19992652.53,136.83,
1506816000000,"2017-09-30",0.00000712,0.00000767,0.00000687,0.00000707,41686861.23,304.42,
1506902400000,"2017-10-01",0.00000673,0.00000715,0.00000652,0.00000712,22845236.49,156.1,
1506988800000,"2017-10-02",0.00000613,0.00000717,0.00000602,0.00000673,25651143.86,165.26,
1507075200000,"2017-10-03",0.00000646,0.00000679,0.00000613,0.00000613,16279687.48,105.57,
1507161600000,"2017-10-04",0.00000633,0.00000658,0.00000623,0.00000646,17526980.28,111.35,
1507248000000,"2017-10-05",0.00000638,0.00000653,0.00000626,0.00000633,9263128.94,58.96,
1507334400000,"2017-10-06",0.00000613,0.00000659,0.00000607,0.00000638,12384536.37,78.56,
1507420800000,"2017-10-07",0.0000054,0.00000621,0.00000496,0.00000613,29723431.49,163.42,
1507507200000,"2017-10-08",0.00000478,0.00000548,0.0000045,0.0000054,32377076.14,164.44,
1507593600000,"2017-10-09",0.00000495,0.00000497,0.00000453,0.00000478,19146024.01,90.58,
1507680000000,"2017-10-10",0.00000547,0.00000565,0.00000481,0.00000495,23599318.81,123.1,
1507766400000,"2017-10-11",0.00000482,0.00000602,0.00000469,0.00000547,41963727.07,220.79,
1507852800000,"2017-10-12",0.00000438,0.00000493,0.00000416,0.00000482,21172313.55,96.13,
1507939200000,"2017-10-13",0.00000453,0.00000483,0.00000426,0.00000438,16098697.34,72.99,
1508025600000,"2017-10-14",0.00000517,0.00000524,0.00000432,0.00000453,26865861.91,130.08,
1508112000000,"2017-10-15",0.00000501,0.0000053,0.00000462,0.00000517,24082367.39,119.61,
1508198400000,"2017-10-16",0.00000481,0.00000513,0.00000481,0.00000501,16699014.72,82.76,
1508284800000,"2017-10-17",0.0000051,0.00000519,0.00000477,0.00000481,13885818.72,68.65,
1508371200000,"2017-10-18",0.00000484,0.00000527,0.00000462,0.0000051,20573951.05,100.1,
1508457600000,"2017-10-19",0.00000444,0.00000498,0.00000437,0.00000484,14497388.01,67.11,
1508544000000,"2017-10-20",0.00000432,0.00000446,0.000004,0.00000444,12560277.67,52.47,
1508630400000,"2017-10-21",0.0000043,0.00000456,0.00000411,0.0000043,10095817.66,43.47,
1508716800000,"2017-10-22",0.00000425,0.00000452,0.00000395,0.0000043,16210089.52,68.12,
1508803200000,"2017-10-23",0.00000483,0.00000525,0.00000398,0.00000425,36214196.8,173.46,
1508889600000,"2017-10-24",0.00000499,0.0000052,0.00000458,0.0000048,35363534.67,171.24,
1508976000000,"2017-10-25",0.00000509,0.00000515,0.00000465,0.00000499,24876202.54,123.26,
1509062400000,"2017-10-26",0.00000591,0.0000063,0.00000506,0.00000509,69553883.21,391.38,
1509148800000,"2017-10-27",0.00000639,0.00000714,0.00000572,0.00000591,81799561.42,538.36,
1509235200000,"2017-10-28",0.00000609,0.00000693,0.00000574,0.00000639,46492059.01,290.85,
1509321600000,"2017-10-29",0.00000615,0.00000633,0.0000059,0.0000061,23391229.91,142.54,
1509408000000,"2017-10-30",0.00000627,0.00000685,0.00000581,0.00000615,53019414.9,338.11,
1509494400000,"2017-10-31",0.00000631,0.00000721,0.00000612,0.00000627,94135222.08,630.1,
1509580800000,"2017-11-01",0.00000459,0.00000655,0.00000402,0.00000637,129187026.22,664.51,
1509667200000,"2017-11-02",0.00000415,0.00000472,0.00000393,0.00000459,51573139,220.32,
1509753600000,"2017-11-03",0.00000415,0.00000447,0.000004,0.00000423,21113066.12,89.73,
1509840000000,"2017-11-04",0.00000416,0.00000436,0.00000404,0.00000415,18380444.09,76.89,
1509926400000,"2017-11-05",0.00000415,0.00000433,0.00000403,0.00000416,21844556.29,90.88,
1510012800000,"2017-11-06",0.00000421,0.0000043,0.00000408,0.00000415,20534636.18,86.17,
1510099200000,"2017-11-07",0.00000425,0.00000457,0.000004,0.00000421,36912893.84,156.07,
1510185600000,"2017-11-08",0.0000046,0.000005,0.00000421,0.00000425,56192313.41,262.17,
1510272000000,"2017-11-09",0.00000442,0.00000477,0.00000433,0.0000046,49851983.16,224.34,
1510358400000,"2017-11-10",0.00000451,0.00000462,0.00000434,0.00000442,34051190.62,152.71,
1510444800000,"2017-11-11",0.00000445,0.00000466,0.00000421,0.00000451,65255127.94,288.51,
1510531200000,"2017-11-12",0.00000433,0.00000448,0.00000415,0.00000444,39007560.62,167.63,
1510617600000,"2017-11-13",0.0000043,0.00000434,0.00000417,0.00000433,37206086.92,158.12,
1510704000000,"2017-11-14",0.00000413,0.00000442,0.00000401,0.0000043,56051797.17,235.27,
1510790400000,"2017-11-15",0.00000368,0.00000422,0.00000345,0.00000413,64108296.55,254.17,
1510876800000,"2017-11-16",0.0000036,0.00000368,0.00000346,0.00000368,39469195.52,140.91,
1510963200000,"2017-11-17",0.00000369,0.0000038,0.00000358,0.0000036,54623816.45,200.18,
1511049600000,"2017-11-18",0.00000357,0.00000387,0.00000352,0.00000371,34313197.67,127.15,
1511136000000,"2017-11-19",0.00000415,0.00000438,0.00000351,0.00000356,125095544.78,498.14,
1511222400000,"2017-11-20",0.00000432,0.00000458,0.00000387,0.00000411,131181905.24,560.47,
1511308800000,"2017-11-21",0.00000436,0.00000497,0.000004,0.00000432,114564661.34,503.74,
1511395200000,"2017-11-22",0.00000396,0.00000443,0.00000389,0.00000436,56280321.64,230.55,
1511481600000,"2017-11-23",0.00000384,0.00000405,0.00000348,0.00000396,64802425.29,245.12,
1511568000000,"2017-11-24",0.00000404,0.00000408,0.0000038,0.00000384,48318987.35,188.56,
1511654400000,"2017-11-25",0.00000386,0.0000041,0.00000366,0.00000407,68237577.94,263.81,
1511740800000,"2017-11-26",0.00000403,0.00000423,0.00000368,0.00000387,118210225.12,473.94,
1511827200000,"2017-11-27",0.00000573,0.00000593,0.00000366,0.00000403,170989889.94,759.33,
1511913600000,"2017-11-28",0.00000453,0.00000757,0.0000044,0.00000573,713045534.4,4037.22,
1512000000000,"2017-11-29",0.00000495,0.00000561,0.00000442,0.00000451,327452679.27,1664.72,
1512086400000,"2017-11-30",0.00000604,0.00000643,0.00000488,0.00000495,286177476.42,1561.49,
1512172800000,"2017-12-01",0.00000691,0.00000745,0.00000604,0.00000605,511139025.47,3473.52,
1512259200000,"2017-12-02",0.00000661,0.00000724,0.00000638,0.0000069,254457156.41,1728.32,
1512345600000,"2017-12-03",0.00000658,0.000007,0.00000635,0.00000661,216061328.72,1423.28,
1512432000000,"2017-12-04",0.00000619,0.00000657,0.00000599,0.00000656,191159047.1,1190.61,
1512518400000,"2017-12-05",0.00000479,0.00000621,0.00000456,0.00000619,245407899.58,1323.97,
1512604800000,"2017-12-06",0.00000322,0.0000048,0.00000322,0.0000048,228212504.57,959.22,
1512691200000,"2017-12-07",0.00000396,0.00000419,0.00000281,0.00000322,290079180.12,1024.92,
1512777600000,"2017-12-08",0.00000395,0.00000439,0.00000372,0.00000396,185353810.7,752.85,
1512864000000,"2017-12-09",0.00000346,0.00000397,0.00000334,0.00000395,223941645.93,805.74,
1512950400000,"2017-12-10",0.00000378,0.0000044,0.00000325,0.00000347,305916670,1119.35,
1513036800000,"2017-12-11",0.00000371,0.0000038,0.00000351,0.00000379,224816987.59,812.75,
1513123200000,"2017-12-12",0.00000383,0.00000402,0.0000035,0.00000371,220712825.94,819.55,
1513209600000,"2017-12-13",0.0000047,0.0000048,0.00000373,0.00000384,308334100.14,1271.15,
1513296000000,"2017-12-14",0.00000412,0.00000472,0.00000342,0.00000471,221815393.61,895.84,
1513382400000,"2017-12-15",0.00000627,0.00000681,0.00000407,0.00000412,520114133.26,2977.98,
1513468800000,"2017-12-16",0.00000852,0.0000102,0.0000059,0.00000627,493042886.1,4279.07,
1513555200000,"2017-12-17",0.00000941,0.00000966,0.00000849,0.00000852,153028375.85,1409.42,
1513641600000,"2017-12-18",0.00001146,0.00001226,0.0000091,0.00000938,192002655.4,2131.26,
1513728000000,"2017-12-19",0.00001136,0.00001258,0.00000963,0.00001146,180491617.5,1993.91,
1513814400000,"2017-12-20",0.00001145,0.00001177,0.00001058,0.00001136,127213303.74,1418.39,
1513900800000,"2017-12-21",0.00001025,0.00001214,0.0000088,0.00001147,188680991.44,1954.89,
1513987200000,"2017-12-22",0.00001001,0.00001063,0.00000979,0.00001025,92709504.76,932.46,
1514073600000,"2017-12-23",0.00001004,0.00001038,0.00000941,0.00001001,84681303.79,833.84,
1514160000000,"2017-12-24",0.00001016,0.0000103,0.00000966,0.00001006,148921610.19,1483.8,
1514246400000,"2017-12-25",0.00000889,0.00001024,0.00000833,0.00001016,144475688.1,1317.33,
1514332800000,"2017-12-26",0.00001008,0.00001128,0.00000839,0.00000887,239140306.93,2336.43,
1514419200000,"2017-12-27",0.00001014,0.00001042,0.00000917,0.0000101,121756744.41,1198.46,
1514505600000,"2017-12-28",0.00001169,0.0000126,0.00001008,0.00001014,140955021.47,1557.63,
1514592000000,"2017-12-29",0.00001248,0.0000136,0.00001114,0.00001167,176549347.81,2180.43,
1514678400000,"2017-12-30",0.00001621,0.00001707,0.000012,0.00001249,170082487.73,2372.25,
1514764800000,"2017-12-31",0.00001913,0.0000221,0.00001623,0.00001627,285840240.29,5569.38,
1514851200000,"2018-01-01",0.00002146,0.00002412,0.00001851,0.00001913,183773198.64,3842.45,
1514937600000,"2018-01-02",0.00004365,0.00004525,0.00002121,0.00002146,467534623.4,16068.03,
1515024000000,"2018-01-03",0.0000359,0.00004612,0.00003489,0.00004365,145666165.05,5971.39,
1515110400000,"2018-01-04",0.00002961,0.00004148,0.00002739,0.00003593,143853414.5,5014.39,
1515196800000,"2018-01-05",0.00003103,0.00003246,0.00002661,0.00002947,89029769.07,2653.93,
1515283200000,"2018-01-06",0.00003245,0.00003421,0.00002972,0.00003103,72150157.41,2290.55,
1515369600000,"2018-01-07",0.00003092,0.0000325,0.00002856,0.00003245,57915887.79,1808.27,
1515456000000,"2018-01-08",0.00002999,0.00003255,0.0000293,0.00003077,43011451.76,1326.7,
1515542400000,"2018-01-09",0.00002704,0.0000301,0.00002444,0.00003004,68956757.89,1887.86,
1515628800000,"2018-01-10",0.00002901,0.00003241,0.00002145,0.00002699,100743277.11,2804.18,
1515715200000,"2018-01-11",0.00003277,0.00003406,0.00002802,0.00002901,61171591.7,1898.75,
1515801600000,"2018-01-12",0.00003349,0.00003729,0.00003147,0.00003277,69934185.1,2387.9,
1515888000000,"2018-01-13",0.00003172,0.00003384,0.00003053,0.00003348,32419681.57,1026.03,
1515974400000,"2018-01-14",0.00003066,0.00003395,0.00002991,0.00003172,33785895.65,1063.28,
1516060800000,"2018-01-15",0.00002774,0.00003088,0.00002396,0.00003066,62125874.52,1714.42,
1516147200000,"2018-01-16",0.00002877,0.00003053,0.00002385,0.00002775,50166512.2,1298.81,
1516233600000,"2018-01-17",0.00002902,0.00003086,0.00002633,0.00002874,28866560.73,842.51,
1516320000000,"2018-01-18",0.00002907,0.00002989,0.00002772,0.00002902,24342827.38,693.59,
1516406400000,"2018-01-19",0.00002699,0.0000291,0.00002587,0.00002907,32284446.15,884.97,
1516492800000,"2018-01-20",0.00002529,0.00002699,0.00002513,0.00002699,24211597.01,624.8,
1516579200000,"2018-01-21",0.00002568,0.00002684,0.00002395,0.00002529,45452519.83,1135.81,
1516665600000,"2018-01-22",0.0000256,0.00002643,0.00002505,0.0000257,22064783.09,566.42,
1516752000000,"2018-01-23",0.00002542,0.00002668,0.00002503,0.00002561,45526885.15,1177.2,
1516838400000,"2018-01-24",0.00002679,0.00002805,0.00002532,0.00002542,39026350.65,1045.99,
1516924800000,"2018-01-25",0.00002602,0.00002712,0.00002508,0.00002681,25452903.36,665.24,
1517011200000,"2018-01-26",0.000025,0.00002611,0.00002486,0.00002602,17411676.12,442.49,
1517097600000,"2018-01-27",0.00002534,0.00002538,0.00002426,0.000025,22517091.04,557.61,
1517184000000,"2018-01-28",0.00002479,0.00002684,0.00002412,0.0000253,36370279.99,909.19,
1517270400000,"2018-01-29",0.0000228,0.00002515,0.0000228,0.00002483,23022239,559.1,
1517356800000,"2018-01-30",0.00002267,0.00002384,0.00002126,0.00002287,41336252.85,940.59,
1517443200000,"2018-01-31",0.00002138,0.0000234,0.0000208,0.00002267,33533157.35,741.97,
1517529600000,"2018-02-01",0.00002019,0.0000214,0.00001765,0.00002138,44846782.01,879.01,
1517616000000,"2018-02-02",0.00002312,0.00002557,0.0000189,0.00002012,47319189.44,1040.06,
1517702400000,"2018-02-03",0.00002536,0.00002888,0.00002264,0.00002315,88412658.85,2338.49,
1517788800000,"2018-02-04",0.00002666,0.00002792,0.00002407,0.00002536,55929639.21,1453.66,
1517875200000,"2018-02-05",0.0000274,0.00003194,0.00002527,0.00002667,85084740.14,2424.87,
1517961600000,"2018-02-06",0.00002703,0.00002889,0.00002597,0.00002739,39413801.1,1080.7,
1518048000000,"2018-02-07",0.00002519,0.00002758,0.00002474,0.0000269,17715661.44,458.55,
1518134400000,"2018-02-08",0.00002589,0.00002625,0.00002495,0.00002518,25389974.74,647.57,
1518220800000,"2018-02-09",0.00002618,0.00002829,0.00002569,0.00002595,36532309.24,981.28,
1518307200000,"2018-02-10",0.00002518,0.00002642,0.00002508,0.00002617,16075297.29,409.54,
1518393600000,"2018-02-11",0.00002409,0.00002527,0.00002405,0.00002518,12130886.32,298.66,
1518480000000,"2018-02-12",0.00002408,0.00002419,0.00002333,0.00002409,11985203.65,284.91,
1518566400000,"2018-02-13",0.00002346,0.00002409,0.00002317,0.00002408,12973789.84,305.29,
1518652800000,"2018-02-14",0.00002187,0.00002352,0.00002162,0.00002346,15402824.81,346.81,
1518739200000,"2018-02-15",0.00002161,0.00002199,0.00002138,0.00002187,14068763.13,304.56,
1518825600000,"2018-02-16",0.00002053,0.00002213,0.00002031,0.00002161,38704798.5,813.17,
1518912000000,"2018-02-17",0.00001958,0.00002053,0.00001929,0.00002053,23233331.57,460.93,
1518998400000,"2018-02-18",0.00001888,0.00002029,0.00001879,0.00001958,24728208.91,483.88,
1519084800000,"2018-02-19",0.0000169,0.00001892,0.00001667,0.00001888,20410555.8,362.68,
1519171200000,"2018-02-20",0.00001732,0.00001799,0.00001644,0.00001698,20727931.72,354.85,
1519257600000,"2018-02-21",0.00001695,0.00001741,0.0000166,0.00001732,14890813.8,252.95,
1519344000000,"2018-02-22",0.0000172,0.00001748,0.00001681,0.00001696,12775559.84,219.22,
1519430400000,"2018-02-23",0.00001691,0.00001717,0.00001666,0.00001715,8553994.61,144.51,
1519516800000,"2018-02-24",0.00001761,0.00001832,0.0000167,0.00001691,16756156.3,289.78,
1519603200000,"2018-02-25",0.00001653,0.00001777,0.00001649,0.00001759,10025979.37,169.95,
1519689600000,"2018-02-26",0.00001585,0.00001656,0.00001571,0.00001653,10442138.77,167.61,
1519776000000,"2018-02-27",0.00001525,0.00001594,0.000015,0.00001585,11094080.89,170.99,
1519862400000,"2018-02-28",0.00001445,0.00001531,0.00001434,0.00001523,20876429.45,304.65,
1519948800000,"2018-03-01",0.00001376,0.00001455,0.00001359,0.00001449,22523351.36,312.54,
1520035200000,"2018-03-02",0.00001364,0.00001449,0.00001329,0.00001376,21983835.05,304.46,
1520121600000,"2018-03-03",0.00001393,0.00001439,0.00001356,0.00001364,17029012.76,236.5,
1520208000000,"2018-03-04",0.00001481,0.00001683,0.00001366,0.00001393,89406035.64,1385.39,
1520294400000,"2018-03-05",0.00001577,0.00001639,0.00001463,0.00001477,56355840.27,881.65,
1520380800000,"2018-03-06",0.00001562,0.0000163,0.00001486,0.00001577,35493239.62,549.75,
1520467200000,"2018-03-07",0.00001578,0.00001598,0.00001534,0.00001562,21634596.51,337.74,
1520553600000,"2018-03-08",0.00001512,0.00001585,0.00001501,0.00001579,21644975.61,330.16,
1520640000000,"2018-03-09",0.00001499,0.00001541,0.0000146,0.00001512,17287783.79,259.51,
1520726400000,"2018-03-10",0.00001436,0.00001501,0.00001429,0.00001499,8711924.36,128.08,
1520812800000,"2018-03-11",0.00001449,0.00001468,0.00001399,0.00001435,33444990.56,480.38,
1520899200000,"2018-03-12",0.00001426,0.00001471,0.00001397,0.00001449,12994531.34,185.81,
1520985600000,"2018-03-13",0.00001428,0.00001496,0.00001422,0.00001427,27755816.51,405.28,
1521072000000,"2018-03-14",0.0000132,0.0000143,0.00001266,0.00001428,42365032.21,557.68,
1521158400000,"2018-03-15",0.00001259,0.00001332,0.00001252,0.00001314,24501209.72,313.53,
1521244800000,"2018-03-16",0.00001155,0.00001267,0.00001131,0.00001259,29434522.28,355.7,
1521331200000,"2018-03-17",0.00001207,0.00001242,0.00001022,0.00001155,56927714.02,628.99,
1521417600000,"2018-03-18",0.00001345,0.00001439,0.00001209,0.00001211,119685618.97,1588.86,
1521504000000,"2018-03-19",0.00001286,0.00001386,0.0000127,0.00001342,71669462.13,939.54,
1521590400000,"2018-03-20",0.00001261,0.00001306,0.0000124,0.00001284,69590124.37,885.86,
1521676800000,"2018-03-21",0.00001258,0.00001333,0.00001221,0.00001261,60419789.92,759.45,
1521763200000,"2018-03-22",0.00001142,0.00001259,0.00001126,0.00001258,80364238.11,955.09,
1521849600000,"2018-03-23",0.00001151,0.00001172,0.0000112,0.00001142,100040075.01,1145.67,
1521936000000,"2018-03-24",0.00001175,0.00001192,0.00001128,0.00001151,80105480.44,925.36,
1522022400000,"2018-03-25",0.00001119,0.00001184,0.00001094,0.00001174,80898011.32,915.58,
1522108800000,"2018-03-26",0.00001135,0.00001166,0.00001067,0.00001119,72335460.41,808.34,
1522195200000,"2018-03-27",0.00001154,0.00001178,0.00001128,0.00001135,77130260.7,889.46,
1522281600000,"2018-03-28",0.00001206,0.00001225,0.00001125,0.00001153,85225724.96,987.79,
1522368000000,"2018-03-29",0.0000125,0.0000126,0.0000119,0.00001206,82077918.26,1009.88,
1522454400000,"2018-03-30",0.00001252,0.00001285,0.00001204,0.00001251,65744599.14,813.03,
1522540800000,"2018-03-31",0.00001216,0.00001262,0.00001202,0.00001251,64595301.22,793.59,
1522627200000,"2018-04-01",0.00001292,0.00001392,0.00001183,0.00001216,90583335.91,1138.79,
1522713600000,"2018-04-02",0.00001412,0.00001622,0.00001284,0.00001292,160386358.45,2281.49,
1522800000000,"2018-04-03",0.00001355,0.00001421,0.00001316,0.00001412,70420084.5,950.82,
1522886400000,"2018-04-04",0.00001284,0.00001366,0.00001225,0.00001355,76012554.7,975.58,
1522972800000,"2018-04-05",0.00001339,0.00001364,0.00001274,0.00001284,78217485.53,1023.93,
1523059200000,"2018-04-06",0.00001285,0.00001341,0.00001279,0.00001339,69437515.75,896.24,
1523145600000,"2018-04-07",0.00001284,0.00001302,0.00001265,0.00001285,69984021.26,898.36,
1523232000000,"2018-04-08",0.00001292,0.00001334,0.00001274,0.00001284,81434700.09,1051.3,
1523318400000,"2018-04-09",0.00001309,0.00001317,0.00001276,0.00001292,74418096.39,963.43,
1523404800000,"2018-04-10",0.00001358,0.00001381,0.00001304,0.00001307,111684920.61,1488.06,
1523491200000,"2018-04-11",0.00001387,0.00001436,0.00001267,0.00001356,155667875.86,2120.94,
1523577600000,"2018-04-12",0.00001414,0.00001561,0.00001363,0.00001383,201477682.82,2930.73,
1523664000000,"2018-04-13",0.00001402,0.00001455,0.00001369,0.00001414,94876200.39,1339.24,
1523750400000,"2018-04-14",0.0000148,0.00001502,0.000014,0.00001402,87255319.65,1273.18,
1523836800000,"2018-04-15",0.00001466,0.00001484,0.00001418,0.0000148,85301605.49,1238.12,
1523923200000,"2018-04-16",0.0000152,0.00001556,0.0000145,0.00001466,96211105.77,1449.15,
1524009600000,"2018-04-17",0.00001622,0.00001639,0.00001516,0.0000152,88283103.35,1394.86,
1524096000000,"2018-04-18",0.00001665,0.00001675,0.000016,0.00001624,97782115.28,1601.94,
1524182400000,"2018-04-19",0.00001708,0.00001757,0.00001649,0.00001664,99578052.51,1697.14,
1524268800000,"2018-04-20",0.00001715,0.00001821,0.00001611,0.00001709,119470932.77,2041.77,
1524355200000,"2018-04-21",0.00001697,0.00001739,0.00001652,0.00001714,75993278.97,1289.1,
1524441600000,"2018-04-22",0.00001683,0.00001707,0.00001649,0.00001697,63895626.36,1072.49,
1524528000000,"2018-04-23",0.00001654,0.00001748,0.00001649,0.00001683,105817506.98,1791.42,
1524614400000,"2018-04-24",0.00001498,0.00001655,0.00001455,0.00001651,90762990.43,1391.13,
1524700800000,"2018-04-25",0.00001566,0.00001575,0.00001472,0.00001498,112347675.49,1718.28,
1524787200000,"2018-04-26",0.00001544,0.00001594,0.00001514,0.00001566,87268394.85,1348.43,
1524873600000,"2018-04-27",0.00001716,0.00001743,0.00001524,0.00001542,166052743.23,2734.28,
1524960000000,"2018-04-28",0.0000183,0.00001963,0.0000169,0.00001718,191669147.23,3524.11,
1525046400000,"2018-04-29",0.00001697,0.00001835,0.00001678,0.0000183,103922001.22,1825.14,
1525132800000,"2018-04-30",0.0000172,0.00001739,0.00001616,0.00001698,97323531.23,1641.54,
1525219200000,"2018-05-01",0.00001752,0.00001782,0.000017,0.00001721,75579273.53,1311.06,
1525305600000,"2018-05-02",0.00001704,0.00001878,0.00001698,0.00001752,149959820.72,2650.37,
1525392000000,"2018-05-03",0.00001729,0.00001798,0.00001675,0.00001707,109611422.21,1906.47,
1525478400000,"2018-05-04",0.00001783,0.00001822,0.00001727,0.00001729,120332944.5,2139.01,
1525564800000,"2018-05-05",0.000017,0.00001789,0.00001652,0.00001783,108356414.57,1845.15,
1525651200000,"2018-05-06",0.00001662,0.00001703,0.00001619,0.000017,78509656.52,1295.48,
1525737600000,"2018-05-07",0.00001712,0.00001762,0.00001646,0.00001662,124269259.59,2115.44,
1525824000000,"2018-05-08",0.00001641,0.00001716,0.00001622,0.00001714,83172395.34,1381.76,
1525910400000,"2018-05-09",0.00001569,0.00001714,0.00001479,0.00001641,91119225.7,1514.12,
1525996800000,"2018-05-10",0.00001456,0.00001598,0.00001376,0.00001569,124498931.48,1845.16,
1526083200000,"2018-05-11",0.00001439,0.00001487,0.00001357,0.00001457,99019435.96,1401.97,
1526169600000,"2018-05-12",0.00001486,0.00001516,0.00001415,0.00001439,69188781.64,1013.36,
1526256000000,"2018-05-13",0.00001445,0.00001485,0.00001402,0.00001485,83022112.9,1198.35,
1526342400000,"2018-05-14",0.00001403,0.0000146,0.0000139,0.00001445,64145515.09,918.23,
1526428800000,"2018-05-15",0.00001394,0.00001434,0.00001373,0.00001403,68304811.73,953.63,
1526515200000,"2018-05-16",0.00001397,0.00001441,0.00001382,0.00001395,76292289.82,1075.18,
1526601600000,"2018-05-17",0.00001378,0.00001398,0.00001351,0.00001395,51501239.94,710.22,
1526688000000,"2018-05-18",0.00001384,0.00001405,0.0000136,0.00001377,74440374.86,1027.38,
1526774400000,"2018-05-19",0.00001383,0.00001425,0.00001376,0.00001384,60298589.48,844.69,
1526860800000,"2018-05-20",0.00001374,0.00001406,0.00001358,0.00001383,60056935.22,831.35,
1526947200000,"2018-05-21",0.00001318,0.00001375,0.00001318,0.00001374,64217921.3,865.44,
1527033600000,"2018-05-22",0.00001253,0.00001325,0.00001219,0.00001318,64411582.09,815.52,
1527120000000,"2018-05-23",0.00001293,0.00001296,0.00001227,0.00001252,80086404.47,1013.93,
1527206400000,"2018-05-24",0.00001257,0.00001294,0.00001247,0.00001293,64499933.76,818.88,
1527292800000,"2018-05-25",0.00001283,0.00001296,0.00001247,0.00001257,66626740.07,848.19,
1527379200000,"2018-05-26",0.00001265,0.00001307,0.00001265,0.00001283,64917555,830.76,
1527465600000,"2018-05-27",0.00001231,0.00001284,0.00001228,0.00001265,69016072.27,863.1,
1527552000000,"2018-05-28",0.00001277,0.00001293,0.00001225,0.00001231,66600918.73,843.59,
1527638400000,"2018-05-29",0.000013,0.00001328,0.0000127,0.00001277,69444333.66,894.36,
1527724800000,"2018-05-30",0.00001344,0.00001372,0.00001296,0.000013,81579899.44,1088.83,
1527811200000,"2018-05-31",0.00001329,0.00001355,0.00001309,0.00001344,66353715.26,884.19,
1527897600000,"2018-06-01",0.00001356,0.00001363,0.00001329,0.00001329,59916831.51,806.48,
1527984000000,"2018-06-02",0.00001334,0.00001379,0.00001305,0.00001356,60894546.1,823.92,
1528070400000,"2018-06-03",0.00001278,0.00001346,0.00001264,0.00001334,80751506.35,1047.88,
1528156800000,"2018-06-04",0.00001286,0.00001293,0.00001239,0.00001278,73892112.19,936.52,
1528243200000,"2018-06-05",0.00001253,0.00001294,0.00001247,0.00001286,78238921.13,989.25,
1528329600000,"2018-06-06",0.00001244,0.00001288,0.00001239,0.00001253,60036915.76,754.23,
1528416000000,"2018-06-07",0.00001232,0.00001248,0.00001228,0.00001244,64394046.88,795.72,
1528502400000,"2018-06-08",0.00001232,0.00001243,0.00001213,0.00001232,61995853.79,763.13,
1528588800000,"2018-06-09",0.00001184,0.00001234,0.00001168,0.00001232,64870028.65,786.8,
1528675200000,"2018-06-10",0.00001186,0.00001224,0.0000115,0.00001184,55051869.76,652.21,
1528761600000,"2018-06-11",0.00001168,0.00001207,0.00001157,0.00001186,76339126.41,900.93,
1528848000000,"2018-06-12",0.00001156,0.00001185,0.00001114,0.00001168,65006625.23,746.32,
1528934400000,"2018-06-13",0.00001191,0.0000129,0.00001156,0.00001156,121601058.66,1480.52,
1529020800000,"2018-06-14",0.00001174,0.00001198,0.00001147,0.00001191,75960942.21,892.35,
1529107200000,"2018-06-15",0.00001163,0.00001184,0.00001155,0.00001174,72124380.65,841.28,
1529193600000,"2018-06-16",0.00001137,0.00001174,0.00001132,0.00001163,49151883.8,565.01,
1529280000000,"2018-06-17",0.00001122,0.00001145,0.00001112,0.00001137,54198688.02,611.89,
1529366400000,"2018-06-18",0.00001123,0.00001136,0.00001102,0.00001124,57480377.33,641.39,
1529452800000,"2018-06-19",0.00001095,0.00001127,0.00001079,0.00001123,59981308,655.4,
1529539200000,"2018-06-20",0.00001069,0.000011,0.00001058,0.00001095,56078892.62,605.78,
1529625600000,"2018-06-21",0.00001018,0.0000107,0.00001008,0.00001069,66035556.9,685.85,
1529712000000,"2018-06-22",0.00000989,0.0000103,0.00000971,0.00001018,74100399.69,732.23,
1529798400000,"2018-06-23",0.00000912,0.00000993,0.00000882,0.00000989,80539201.24,736.43,
1529884800000,"2018-06-24",0.00000918,0.00000943,0.00000892,0.00000912,56987004.7,519.11,
1529971200000,"2018-06-25",0.00000889,0.00000921,0.00000881,0.00000918,53663660.09,481.11,
1530057600000,"2018-06-26",0.00000916,0.00000952,0.00000877,0.00000889,78779213.09,706.62,
1530144000000,"2018-06-27",0.0000088,0.00000928,0.00000866,0.00000916,67453579.19,608.96,
1530230400000,"2018-06-28",0.00000922,0.00000952,0.00000868,0.00000881,68582294.76,609.65,
1530316800000,"2018-06-29",0.00001052,0.00001163,0.00000922,0.00000922,157467430.05,1648.36,
1530403200000,"2018-06-30",0.00001048,0.00001109,0.0000099,0.00001052,86877341.72,898.04,
1530489600000,"2018-07-01",0.00001075,0.00001125,0.0000102,0.00001048,85447717.73,902.19,
1530576000000,"2018-07-02",0.00001177,0.0000121,0.00001066,0.00001075,101184843.6,1150.55,
1530662400000,"2018-07-03",0.0000123,0.00001423,0.00001142,0.00001176,107831537.57,1343.48,
1530748800000,"2018-07-04",0.00001304,0.00001372,0.00001223,0.00001235,87478553.09,1149.65,
1530835200000,"2018-07-05",0.00001288,0.00001353,0.00001208,0.00001305,78575858.38,1001.95,
1530921600000,"2018-07-06",0.000012,0.00001289,0.00001169,0.00001288,61224858.16,745.15,
1531008000000,"2018-07-07",0.00001196,0.00001221,0.00001182,0.000012,57907010.6,690.89,
1531094400000,"2018-07-08",0.00001126,0.00001196,0.00001117,0.00001196,58828972.13,676.87,
1531180800000,"2018-07-09",0.00001052,0.00001128,0.00001014,0.00001127,68971003.77,733.04,
1531267200000,"2018-07-10",0.00001082,0.00001122,0.00001014,0.00001052,89387694.13,963.13,
1531353600000,"2018-07-11",0.00001042,0.00001086,0.00001025,0.00001082,65691492.96,687.48,
1531440000000,"2018-07-12",0.00001057,0.00001069,0.00001042,0.00001042,60513635.68,639,
1531526400000,"2018-07-13",0.00001048,0.00001072,0.00001034,0.00001057,59015091.15,618.92,
1531612800000,"2018-07-14",0.00001057,0.00001073,0.00001041,0.00001048,55456939.44,584.85,
1531699200000,"2018-07-15",0.00001085,0.0000111,0.00001047,0.00001057,68138115.13,730.86,
1531785600000,"2018-07-16",0.00001093,0.00001156,0.00001071,0.00001085,76357551.82,840.13,
1531872000000,"2018-07-17",0.00001095,0.0000118,0.00001065,0.00001093,85398136.85,953.65,
1531958400000,"2018-07-18",0.00001063,0.00001168,0.00001047,0.00001096,76849718.11,831.03,
1532044800000,"2018-07-19",0.00000977,0.00001099,0.00000967,0.00001064,71084533.9,723.11,
1532131200000,"2018-07-20",0.00000996,0.00001005,0.00000943,0.00000977,47475004.58,465.86,
1532217600000,"2018-07-21",0.00000949,0.00001035,0.00000947,0.00000996,53027204.11,521.46,
1532304000000,"2018-07-22",0.00000887,0.00001006,0.00000885,0.00000949,54165916.31,500.33,
1532390400000,"2018-07-23",0.00000859,0.00000904,0.0000084,0.00000887,77359187,671.02,
1532476800000,"2018-07-24",0.00000873,0.000009,0.00000847,0.00000859,71573662.81,617.55,
1532563200000,"2018-07-25",0.00000866,0.00000933,0.00000855,0.00000873,55881791.78,491.95,
1532649600000,"2018-07-26",0.00000854,0.00000877,0.00000848,0.00000867,57683422.55,495.45,
1532736000000,"2018-07-27",0.00000847,0.00000857,0.00000834,0.00000855,48882254.1,412.69,
1532822400000,"2018-07-28",0.00000843,0.00000851,0.00000829,0.00000846,58942072.18,493.87,
1532908800000,"2018-07-29",0.00000806,0.00000846,0.00000798,0.00000843,54839060.37,452.99,
1532995200000,"2018-07-30",0.00000777,0.00000806,0.00000761,0.00000806,42800795.95,333.32,
1533081600000,"2018-07-31",0.00000785,0.00000816,0.00000766,0.00000777,50887932.88,399.43,
1533168000000,"2018-08-01",0.0000075,0.00000819,0.00000744,0.00000785,54345271.18,421.71,
1533254400000,"2018-08-02",0.00000746,0.00000758,0.0000071,0.0000075,45787026.93,336.87,
1533340800000,"2018-08-03",0.00000769,0.00000771,0.00000734,0.00000746,44144263.24,332.41,
1533427200000,"2018-08-04",0.00000778,0.00000781,0.00000763,0.00000769,39915303.65,308.53,
1533513600000,"2018-08-05",0.00000766,0.00000789,0.00000765,0.00000778,42350679.1,327.69,
1533600000000,"2018-08-06",0.00000758,0.00000772,0.00000751,0.00000766,46205245,352.03,
1533686400000,"2018-08-07",0.00000731,0.00000759,0.00000723,0.00000758,49084859.2,361.81,
1533772800000,"2018-08-08",0.00000728,0.00000739,0.00000703,0.00000731,60312080.56,434.91,
1533859200000,"2018-08-09",0.00000711,0.00000732,0.00000701,0.00000728,45207621.77,321.21,
1533945600000,"2018-08-10",0.00000647,0.00000715,0.00000636,0.00000711,52308025.7,346.53,
1534032000000,"2018-08-11",0.0000065,0.00000659,0.0000064,0.00000646,43556077.41,282.28,
1534118400000,"2018-08-12",0.00000584,0.00000653,0.00000583,0.00000649,37519590.47,234.54,
1534204800000,"2018-08-13",0.00000556,0.00000588,0.0000051,0.00000584,74221297.2,400.79,
1534291200000,"2018-08-14",0.00000569,0.00000598,0.0000055,0.00000556,66093823.49,377.21,
1534377600000,"2018-08-15",0.00000579,0.00000609,0.00000567,0.00000569,51784383.02,299.48,
1534464000000,"2018-08-16",0.00000643,0.00000648,0.00000575,0.00000581,54430604.39,330.56,
1534550400000,"2018-08-17",0.00000606,0.00000671,0.00000593,0.00000643,55971079.66,352.62,
1534636800000,"2018-08-18",0.00000622,0.00000643,0.00000601,0.00000606,32481119.5,200.85,
1534723200000,"2018-08-19",0.00000595,0.00000631,0.00000593,0.00000622,40695228.9,246.82,
1534809600000,"2018-08-20",0.000006,0.00000627,0.00000582,0.00000595,49158616.56,296.71,
1534896000000,"2018-08-21",0.00000596,0.00000624,0.00000595,0.00000601,43178489.22,262.68,
1534982400000,"2018-08-22",0.00000598,0.00000602,0.00000586,0.00000596,49554962.86,295.07,
1535068800000,"2018-08-23",0.00000606,0.00000614,0.00000593,0.00000598,45136519.2,270.93,
1535155200000,"2018-08-24",0.00000596,0.0000061,0.00000587,0.00000606,39382609.31,234.33,
1535241600000,"2018-08-25",0.00000587,0.00000598,0.00000582,0.00000597,34294833.09,201.83,
1535328000000,"2018-08-26",0.00000617,0.00000622,0.00000583,0.00000587,49104823.68,293.16,
1535414400000,"2018-08-27",0.00000617,0.00000621,0.00000599,0.00000618,37276824.5,226.69,
1535500800000,"2018-08-28",0.00000608,0.00000635,0.00000601,0.00000617,29072901.43,178.58,
1535587200000,"2018-08-29",0.00000585,0.00000613,0.00000574,0.00000608,23286623.56,137.47,
1535673600000,"2018-08-30",0.00000603,0.00000606,0.00000577,0.00000585,24797207.31,145.49,
1535760000000,"2018-08-31",0.0000062,0.00000625,0.00000601,0.00000603,36963285.81,227.12,
1535846400000,"2018-09-01",0.00000592,0.0000062,0.00000586,0.0000062,24322881.2,145.65,
1535932800000,"2018-09-02",0.00000592,0.000006,0.00000579,0.00000592,27655876.89,163.26,
1536019200000,"2018-09-03",0.00000615,0.00000618,0.0000059,0.00000592,34711465.67,207.7,
1536105600000,"2018-09-04",0.00000536,0.00000643,0.00000534,0.00000615,68396202.87,401.77,
1536192000000,"2018-09-05",0.00000573,0.00000574,0.00000515,0.00000536,43670866.59,241.47,
1536278400000,"2018-09-06",0.00000554,0.00000579,0.00000552,0.00000573,25424746.53,142.96,
1536364800000,"2018-09-07",0.00000535,0.00000559,0.00000529,0.00000554,24868334.57,136.26,
1536451200000,"2018-09-08",0.00000539,0.00000544,0.00000525,0.00000534,25928805.5,138.08,
1536537600000,"2018-09-09",0.00000529,0.0000055,0.00000523,0.00000539,29311144.82,156.26,
1536624000000,"2018-09-10",0.00000512,0.00000543,0.00000503,0.00000529,37646191.57,198.07,
1536710400000,"2018-09-11",0.00000497,0.00000514,0.00000473,0.00000512,28881355.45,141.53,
1536796800000,"2018-09-12",0.00000508,0.0000052,0.00000495,0.00000497,34189926.62,172.64,
1536883200000,"2018-09-13",0.00000495,0.00000525,0.00000488,0.00000508,33092831.23,167.59,
1536969600000,"2018-09-14",0.00000505,0.00000516,0.00000494,0.00000495,26065701.59,132.12,
1537056000000,"2018-09-15",0.00000532,0.00000554,0.00000498,0.00000505,36957588.5,191.77,
1537142400000,"2018-09-16",0.00000505,0.00000544,0.00000501,0.00000532,49160068.34,256.52,
1537228800000,"2018-09-17",0.00000525,0.00000541,0.000005,0.00000505,40340726.83,208.31,
1537315200000,"2018-09-18",0.00000527,0.0000054,0.00000513,0.00000525,30428870.43,159.2,
1537401600000,"2018-09-19",0.00000558,0.00000572,0.00000521,0.00000528,42272701.93,226.6,
1537488000000,"2018-09-20",0.00000581,0.00000603,0.00000545,0.00000558,55692734.34,319.68,
1537574400000,"2018-09-21",0.00000555,0.00000604,0.00000541,0.00000581,39192862.08,220.12,
1537660800000,"2018-09-22",0.00000597,0.00000627,0.00000555,0.00000556,45902033.49,271.99,
1537747200000,"2018-09-23",0.00000563,0.00000613,0.00000552,0.00000597,41089308.44,237.7,
1537833600000,"2018-09-24",0.00000556,0.00000563,0.00000533,0.00000563,27056129.22,147.38,
1537920000000,"2018-09-25",0.0000057,0.00000633,0.00000552,0.00000556,75142412.24,443.67,
1538006400000,"2018-09-26",0.00000572,0.00000581,0.00000553,0.0000057,23511173.55,133.65,
1538092800000,"2018-09-27",0.00000557,0.00000574,0.00000553,0.00000572,25434623.6,142.1,
1538179200000,"2018-09-28",0.00000579,0.00000597,0.00000556,0.00000557,31470282.54,180.7,
1538265600000,"2018-09-29",0.00000567,0.00000581,0.00000561,0.00000579,19647144.17,112.39,
1538352000000,"2018-09-30",0.00000564,0.00000571,0.00000557,0.00000567,18533331.27,104.81,
1538438400000,"2018-10-01",0.00000579,0.00000587,0.00000564,0.00000565,44023813.17,254.17,
1538524800000,"2018-10-02",0.00000565,0.0000058,0.00000554,0.00000579,23100866.57,130.44,
1538611200000,"2018-10-03",0.00000567,0.0000057,0.00000558,0.00000565,15754741.88,88.72,
1538697600000,"2018-10-04",0.00000565,0.00000584,0.00000559,0.00000568,60529783.28,344.53,
1538784000000,"2018-10-05",0.00000568,0.00000581,0.0000056,0.00000565,26518893.83,150.99,
1538870400000,"2018-10-06",0.00000604,0.0000063,0.00000568,0.00000568,78641012.45,473.19,
1538956800000,"2018-10-07",0.00000608,0.00000624,0.00000592,0.00000604,44685105.7,272.21,
1539043200000,"2018-10-08",0.00000595,0.0000061,0.00000587,0.00000608,24427313.23,145.8,
1539129600000,"2018-10-09",0.00000594,0.000006,0.00000575,0.00000595,28775450.9,168.94,
1539216000000,"2018-10-10",0.00000536,0.00000595,0.00000533,0.00000594,46675706.14,258.9,
1539302400000,"2018-10-11",0.00000556,0.00000565,0.00000536,0.00000536,21649582.84,120.12,
1539388800000,"2018-10-12",0.00000554,0.00000566,0.00000548,0.00000557,24675711.19,137.7,
1539475200000,"2018-10-13",0.0000055,0.00000564,0.00000548,0.00000554,21707928.52,120.73,
1539561600000,"2018-10-14",0.0000055,0.00000565,0.00000522,0.0000055,25326065.68,137.85,
1539648000000,"2018-10-15",0.0000055,0.00000557,0.00000546,0.00000551,19711566.53,108.54,
1539734400000,"2018-10-16",0.00000558,0.00000565,0.00000545,0.0000055,19787625.47,109.39,
1539820800000,"2018-10-17",0.00000552,0.00000564,0.00000546,0.00000558,19326101.54,107.35,
1539907200000,"2018-10-18",0.00000549,0.00000554,0.0000054,0.00000552,22726526.19,124.05,
1539993600000,"2018-10-19",0.00000554,0.0000056,0.00000549,0.00000549,19868694.71,109.81,
1540080000000,"2018-10-20",0.00000553,0.00000562,0.00000551,0.00000553,34575483.59,191.74,
1540166400000,"2018-10-21",0.00000559,0.00000561,0.00000548,0.00000553,20768784.92,115.03,
1540252800000,"2018-10-22",0.00000568,0.00000573,0.00000552,0.00000559,33228325.41,186.38,
1540339200000,"2018-10-23",0.00000557,0.00000569,0.00000554,0.00000567,26820928.39,150.26,
1540425600000,"2018-10-24",0.00000555,0.00000559,0.00000548,0.00000557,23458175.59,129.81,
1540512000000,"2018-10-25",0.00000562,0.00000564,0.00000553,0.00000555,16687584.02,93.13,
1540598400000,"2018-10-26",0.0000056,0.00000564,0.00000553,0.00000562,22149000.68,130.57,
1540684800000,"2018-10-27",0.00000577,0.00000595,0.00000553,0.0000056,52215108.6,300.91,
1540771200000,"2018-10-28",0.00000564,0.00000586,0.00000553,0.00000577,50687973.71,289.11,
1540857600000,"2018-10-29",0.00000571,0.00000578,0.00000558,0.00000564,26920871.51,152.47,
1540944000000,"2018-10-30",0.00000603,0.00000625,0.00000569,0.00000571,82919601.58,496.28,
1541030400000,"2018-10-31",0.00000616,0.00000638,0.00000601,0.00000603,66389158.46,412.75,
1541116800000,"2018-11-01",0.00000606,0.00000617,0.00000597,0.00000616,29935245.88,180.95,
1541203200000,"2018-11-02",0.00000602,0.00000618,0.00000597,0.00000606,28254770.95,170.99,
1541289600000,"2018-11-03",0.00000601,0.00000608,0.00000587,0.00000602,35075947.5,209.71,
1541376000000,"2018-11-04",0.0000058,0.00000604,0.00000572,0.000006,26328339.22,153.37,
1541462400000,"2018-11-05",0.00000589,0.00000591,0.00000576,0.0000058,22444787.55,130.7,
1541548800000,"2018-11-06",0.0000058,0.00000591,0.00000576,0.00000589,18756761.61,109.52,
1541635200000,"2018-11-07",0.00000573,0.00000582,0.00000571,0.0000058,17672341.02,101.76,
1541721600000,"2018-11-08",0.00000563,0.0000058,0.0000056,0.00000573,18310450.72,103.86,
1541808000000,"2018-11-09",0.00000571,0.00000575,0.00000561,0.00000563,15639854.64,88.81,
1541894400000,"2018-11-10",0.00000563,0.00000573,0.00000559,0.00000571,18402778.28,103.74,
1541980800000,"2018-11-11",0.00000564,0.00000568,0.00000548,0.00000563,19592747.61,109.45,
1542067200000,"2018-11-12",0.00000551,0.00000565,0.00000551,0.00000564,19819139.67,110.6,
1542153600000,"2018-11-13",0.00000551,0.00000555,0.00000518,0.00000551,38502030.44,209.12,
1542240000000,"2018-11-14",0.00000542,0.00000552,0.00000532,0.00000551,26456540.35,142.77,
1542326400000,"2018-11-15",0.00000537,0.00000548,0.00000531,0.00000542,18336053.46,98.89,
1542412800000,"2018-11-16",0.00000532,0.00000539,0.00000523,0.00000537,20414541.26,108.34,
1542499200000,"2018-11-17",0.00000537,0.0000054,0.00000529,0.00000532,15874412.41,84.82,
1542585600000,"2018-11-18",0.00000523,0.00000539,0.00000497,0.00000537,36315004.74,185.86,
1542672000000,"2018-11-19",0.00000467,0.00000523,0.00000447,0.00000523,47391611.91,229.21,
1542758400000,"2018-11-20",0.00000485,0.00000597,0.00000454,0.00000467,69710615.74,327.84,
1542844800000,"2018-11-21",0.00000517,0.00000536,0.00000468,0.00000485,48121112.43,251.66,
1542931200000,"2018-11-22",0.00000493,0.00000518,0.0000049,0.00000517,32654403.64,162.39,
1543017600000,"2018-11-23",0.00000497,0.00000507,0.00000467,0.00000493,37195109.06,182.71,
1543104000000,"2018-11-24",0.00000464,0.00000498,0.00000448,0.00000497,56345050.27,259.11,
1543190400000,"2018-11-25",0.00000466,0.00000497,0.00000452,0.00000464,46716215.63,220.13,
1543276800000,"2018-11-26",0.00000486,0.00000526,0.0000046,0.00000466,33965218.66,164.9,
1543363200000,"2018-11-27",0.00000491,0.00000511,0.00000477,0.00000486,41998709.89,205.86,
1543449600000,"2018-11-28",0.00000492,0.00000511,0.00000479,0.0000049,40043921.92,197.04,
1543536000000,"2018-11-29",0.00000482,0.00000496,0.00000457,0.00000492,35412185.62,168.92,
1543622400000,"2018-11-30",0.00000482,0.000005,0.00000472,0.00000482,23853970.19,115.16,
1543708800000,"2018-12-01",0.00000486,0.00000498,0.00000477,0.00000482,26550547.34,128.67,
1543795200000,"2018-12-02",0.00000472,0.00000488,0.00000467,0.00000488,20896124.96,99.6,
1543881600000,"2018-12-03",0.00000473,0.00000477,0.00000467,0.00000472,18780135.34,88.9,
1543968000000,"2018-12-04",0.00000465,0.00000475,0.00000462,0.00000473,21838209.19,102.27,
1544054400000,"2018-12-05",0.00000456,0.00000473,0.00000446,0.00000465,25277983.65,115.8,
1544140800000,"2018-12-06",0.00000447,0.00000457,0.0000042,0.00000456,50266445.1,218.34,
1544227200000,"2018-12-07",0.00000436,0.00000452,0.00000426,0.00000447,30017140.09,131.11,
1544313600000,"2018-12-08",0.00000432,0.0000044,0.00000427,0.00000436,24036097.84,103.98,
1544400000000,"2018-12-09",0.00000421,0.00000439,0.00000415,0.00000432,32473718.87,138.08,
1544486400000,"2018-12-10",0.0000042,0.0000043,0.00000414,0.00000421,36438916.09,153.26,
1544572800000,"2018-12-11",0.00000421,0.00000429,0.00000419,0.0000042,22892034.51,96.93,
1544659200000,"2018-12-12",0.00000428,0.0000043,0.00000415,0.00000421,33022099.05,139.39,
1544745600000,"2018-12-13",0.00000416,0.00000429,0.00000412,0.00000428,26603122.6,111.83,
1544832000000,"2018-12-14",0.00000432,0.00000442,0.00000413,0.00000416,27346132.84,116.56,
1544918400000,"2018-12-15",0.00000435,0.00000468,0.00000431,0.00000432,48041807.11,213.64,
1545004800000,"2018-12-16",0.00000436,0.0000044,0.0000043,0.00000435,24019111.4,104.51,
1545091200000,"2018-12-17",0.00000435,0.00000443,0.00000427,0.00000436,27656983.8,120.04,
1545177600000,"2018-12-18",0.0000043,0.00000452,0.0000043,0.00000435,35470086.44,155.07,
1545264000000,"2018-12-19",0.00000439,0.00000442,0.00000417,0.0000043,42384393.24,182.53,
1545350400000,"2018-12-20",0.00000455,0.00000487,0.00000429,0.00000439,65175347.81,295.8,
1545436800000,"2018-12-21",0.00000454,0.00000463,0.00000444,0.00000455,48328109.65,217.32,
1545523200000,"2018-12-22",0.00000502,0.00000535,0.00000453,0.00000454,96882212.43,486.27,
1545609600000,"2018-12-23",0.0000049,0.00000518,0.00000485,0.00000502,45391032.41,227.27,
1545696000000,"2018-12-24",0.00000474,0.0000049,0.00000454,0.0000049,27875800.94,130.73,
1545782400000,"2018-12-25",0.00000466,0.00000477,0.00000453,0.00000474,28916949.25,134.43,
1545868800000,"2018-12-26",0.00000456,0.00000468,0.00000453,0.00000466,18470541.89,84.88,
1545955200000,"2018-12-27",0.00000468,0.00000488,0.00000441,0.00000456,38801491.88,179.91,
1546041600000,"2018-12-28",0.00000466,0.00000477,0.00000459,0.00000468,26976645.53,125.96,
1546128000000,"2018-12-29",0.00000467,0.00000482,0.00000463,0.00000466,30034404.04,141.85,
1546214400000,"2018-12-30",0.00000458,0.0000047,0.00000458,0.00000467,22306297.55,103.64,
1546300800000,"2018-12-31",0.00000463,0.00000468,0.00000458,0.00000458,38620423.54,178.36,
1546387200000,"2019-01-01",0.00000467,0.00000471,0.00000453,0.00000463,15883544.42,73.7,
1546473600000,"2019-01-02",0.00000467,0.00000472,0.00000457,0.00000467,37812670.27,175.51,
1546560000000,"2019-01-03",0.00000467,0.00000475,0.00000461,0.00000467,95413832.3,446.94,
1546646400000,"2019-01-04",0.00000496,0.00000523,0.00000466,0.00000467,93091506.83,463.31,
1546732800000,"2019-01-05",0.00000483,0.00000513,0.00000473,0.00000496,52854321.59,258.11,
1546819200000,"2019-01-06",0.00000477,0.00000486,0.00000472,0.00000483,21440184.53,102.3,
1546905600000,"2019-01-07",0.0000048,0.00000483,0.0000047,0.00000477,18463719.51,87.69,
1546992000000,"2019-01-08",0.00000513,0.00000522,0.00000479,0.0000048,35107014.77,174.09,
1547078400000,"2019-01-09",0.0000059,0.00000609,0.00000509,0.00000513,224084639.77,1237.38,
1547164800000,"2019-01-10",0.00000564,0.00000627,0.00000549,0.0000059,91424906.22,532.01,
1547251200000,"2019-01-11",0.00000546,0.00000565,0.00000539,0.00000564,26483132.82,145.68,
1547337600000,"2019-01-12",0.00000506,0.00000548,0.00000499,0.00000546,37271529.43,193.47,
1547424000000,"2019-01-13",0.0000052,0.00000538,0.00000503,0.00000506,40823409.14,211.75,
1547510400000,"2019-01-14",0.00000515,0.0000054,0.00000511,0.0000052,80105364.63,420.25,
1547596800000,"2019-01-15",0.00000623,0.0000063,0.00000512,0.00000515,110038810.55,621.12,
1547683200000,"2019-01-16",0.00000688,0.00000706,0.00000619,0.00000623,186930521.14,1251.62,
1547769600000,"2019-01-17",0.00000638,0.00000708,0.00000612,0.00000688,100534235.66,648.38,
1547856000000,"2019-01-18",0.00000666,0.00000731,0.00000634,0.00000638,58485948.2,396.48,
1547942400000,"2019-01-19",0.00000651,0.0000069,0.00000627,0.00000666,40711521.98,267.21,
1548028800000,"2019-01-20",0.00000653,0.00000666,0.00000645,0.00000651,34740750.16,227.29,
1548115200000,"2019-01-21",0.00000623,0.00000658,0.00000614,0.00000653,51951004.75,328.58,
1548201600000,"2019-01-22",0.00000612,0.00000627,0.00000606,0.00000623,24360288.56,150.28,
1548288000000,"2019-01-23",0.00000601,0.0000062,0.00000594,0.00000612,24916470.68,150.04,
1548374400000,"2019-01-24",0.00000582,0.00000601,0.00000573,0.00000601,30659013.93,178.99,
1548460800000,"2019-01-25",0.00000594,0.00000612,0.00000581,0.00000582,33060189.61,197.59,
1548547200000,"2019-01-26",0.00000572,0.000006,0.00000562,0.00000594,41166921.76,237.41,
1548633600000,"2019-01-27",0.00000549,0.00000576,0.00000533,0.00000572,36628241.24,200.15,
1548720000000,"2019-01-28",0.00000555,0.00000564,0.00000541,0.00000549,29004707.87,160.8,
1548806400000,"2019-01-29",0.00000557,0.00000562,0.00000545,0.00000555,46692703.07,258.31,
1548892800000,"2019-01-30",0.00000534,0.00000561,0.00000529,0.00000557,55796913.6,301.54,
1548979200000,"2019-01-31",0.00000527,0.00000535,0.0000051,0.00000534,19149400.65,99.9,
1549065600000,"2019-02-01",0.00000547,0.0000058,0.00000525,0.00000527,56833612.64,313.2,
1549152000000,"2019-02-02",0.00000534,0.00000561,0.00000531,0.00000547,37213860.02,202.49,
1549238400000,"2019-02-03",0.00000535,0.00000547,0.00000529,0.00000534,48481484.1,260.65,
1549324800000,"2019-02-04",0.0000052,0.00000536,0.00000516,0.00000535,61810032.81,322.47,
1549411200000,"2019-02-05",0.00000517,0.00000528,0.00000507,0.0000052,48036407.8,248.18,
1549497600000,"2019-02-06",0.00000528,0.00000543,0.00000511,0.00000517,41143399.98,216.15,
1549584000000,"2019-02-07",0.00000527,0.00000543,0.00000516,0.00000528,40934163.11,216.23,
1549670400000,"2019-02-08",0.00000517,0.00000527,0.00000516,0.00000527,19538707.19,101.59,
1549756800000,"2019-02-09",0.00000513,0.00000538,0.00000503,0.00000517,47189652.05,242.04,
1549843200000,"2019-02-10",0.00000511,0.00000517,0.00000504,0.00000513,32604190.34,166.22,
1549929600000,"2019-02-11",0.00000509,0.00000525,0.00000506,0.00000511,40410188.03,206.03,
1550016000000,"2019-02-12",0.00000515,0.00000519,0.00000507,0.00000509,52312057.72,268.05,
1550102400000,"2019-02-13",0.00000524,0.00000529,0.00000511,0.00000515,30903978.96,160.07,
1550188800000,"2019-02-14",0.00000527,0.00000566,0.00000522,0.00000524,125243321.89,676.23,
1550275200000,"2019-02-15",0.0000053,0.00000536,0.0000052,0.00000527,118117180.97,622.48,
1550361600000,"2019-02-16",0.00000538,0.00000545,0.00000524,0.0000053,71185717.82,379.53,
1550448000000,"2019-02-17",0.00000536,0.00000555,0.00000531,0.00000538,44224807.38,239.71,
1550534400000,"2019-02-18",0.00000528,0.00000542,0.00000514,0.00000536,65236176.84,343.27,
1550620800000,"2019-02-19",0.00000521,0.0000053,0.00000519,0.00000528,27369176.33,142.93,
1550707200000,"2019-02-20",0.00000569,0.00000575,0.00000509,0.00000521,81284127.06,441.27,
1550793600000,"2019-02-21",0.00000556,0.00000581,0.00000542,0.00000569,78122207.76,436.21,
1550880000000,"2019-02-22",0.00000544,0.00000558,0.00000534,0.00000556,32405073.18,176.83,
1550966400000,"2019-02-23",0.00000516,0.00000557,0.00000511,0.00000544,38298693.96,204.51,
1551052800000,"2019-02-24",0.00000523,0.00000528,0.00000512,0.00000516,23886081.71,124.32,
1551139200000,"2019-02-25",0.00000535,0.00000543,0.00000513,0.00000523,39079233.76,207.26,
1551225600000,"2019-02-26",0.00000529,0.00000539,0.00000528,0.00000535,38342751.81,204.26,
1551312000000,"2019-02-27",0.00000526,0.00000531,0.00000517,0.00000529,25572014.72,133.68,
1551398400000,"2019-02-28",0.00000527,0.00000531,0.00000522,0.00000526,24575296.57,129.42,
1551484800000,"2019-03-01",0.00000524,0.0000053,0.00000519,0.00000527,33519471.96,175.02,
1551571200000,"2019-03-02",0.00000527,0.00000532,0.00000519,0.00000524,20850626.2,109.83,
1551657600000,"2019-03-03",0.00000517,0.0000053,0.00000508,0.00000527,41206810.82,212.78,
1551744000000,"2019-03-04",0.0000052,0.00000524,0.00000512,0.00000517,23306657.61,121.12,
1551830400000,"2019-03-05",0.00000517,0.00000521,0.00000509,0.0000052,15692547.74,80.56,
1551916800000,"2019-03-06",0.00000522,0.00000532,0.00000511,0.00000517,25466326.96,132.51,
1552003200000,"2019-03-07",0.00000513,0.00000525,0.00000511,0.00000522,32420623.59,167.78,
1552089600000,"2019-03-08",0.00000543,0.00000561,0.00000511,0.00000513,73885598.87,399.13,
1552176000000,"2019-03-09",0.00000542,0.00000547,0.00000529,0.00000543,42218989.47,227.16,
1552262400000,"2019-03-10",0.00000558,0.00000635,0.00000532,0.00000542,152626791.89,873.12,
1552348800000,"2019-03-11",0.00000588,0.00000648,0.00000545,0.00000558,70670574.31,409.38,
1552435200000,"2019-03-12",0.00000573,0.00000599,0.0000057,0.00000588,44869972.86,262.25,
1552521600000,"2019-03-13",0.00000576,0.00000586,0.00000568,0.00000573,38721722.52,222.42,
1552608000000,"2019-03-14",0.0000059,0.00000593,0.00000576,0.00000576,36844846.41,214.8,
1552694400000,"2019-03-15",0.0000057,0.00000591,0.00000561,0.0000059,27893036.95,158.98,
1552780800000,"2019-03-16",0.00000561,0.00000572,0.00000552,0.0000057,14046757.46,78.98,
1552867200000,"2019-03-17",0.00000556,0.00000564,0.0000055,0.00000561,54264833.97,301.43,
1552953600000,"2019-03-18",0.00000555,0.00000561,0.00000549,0.00000556,26145674.76,144.87,
1553040000000,"2019-03-19",0.00000567,0.00000595,0.00000553,0.00000555,64415100.8,370.44,
1553126400000,"2019-03-20",0.00000547,0.00000572,0.00000526,0.00000567,46043097.23,252.75,
1553212800000,"2019-03-21",0.0000056,0.00000573,0.00000543,0.00000547,57611593.81,319.82,
1553299200000,"2019-03-22",0.00000577,0.00000581,0.00000557,0.0000056,32095640.98,183.96,
1553385600000,"2019-03-23",0.00000574,0.00000584,0.00000564,0.00000577,25976118.77,148.6,
1553472000000,"2019-03-24",0.00000558,0.00000575,0.00000551,0.00000574,34019277.66,191.51,
1553558400000,"2019-03-25",0.00000563,0.00000567,0.00000545,0.00000558,44081729.95,244.89,
1553644800000,"2019-03-26",0.00000564,0.0000058,0.00000556,0.00000563,92195728.7,520.52,
1553731200000,"2019-03-27",0.00000588,0.00000599,0.00000562,0.00000564,87392237.83,508.27,
1553817600000,"2019-03-28",0.00000601,0.00000607,0.00000573,0.00000588,91416344.57,532.05,
1553904000000,"2019-03-29",0.00000616,0.00000641,0.00000594,0.00000601,119775142.91,741.81,
1553990400000,"2019-03-30",0.00000614,0.00000622,0.00000602,0.00000616,58891020.05,358.94,
1554076800000,"2019-03-31",0.00000611,0.0000063,0.00000603,0.00000614,78254500.69,483.09,
1554163200000,"2019-04-01",0.00000558,0.00000612,0.00000541,0.00000611,80494694.16,457.23,
1554249600000,"2019-04-02",0.00000575,0.00000639,0.00000558,0.00000558,153555199.56,931.01,
1554336000000,"2019-04-03",0.00000567,0.00000584,0.0000056,0.00000575,57881416.36,328.72,
1554422400000,"2019-04-04",0.00000579,0.00000587,0.00000565,0.00000567,44494625.92,256.09,
1554508800000,"2019-04-05",0.0000057,0.00000589,0.00000566,0.00000579,39970513.02,230.69,
1554595200000,"2019-04-06",0.00000562,0.00000576,0.00000551,0.0000057,56619118.02,318.03,
1554681600000,"2019-04-07",0.00000542,0.00000564,0.0000053,0.00000562,50565955.9,275.68,
1554768000000,"2019-04-08",0.00000532,0.00000542,0.00000519,0.00000542,36119170.98,191.8,
1554854400000,"2019-04-09",0.00000525,0.00000537,0.00000524,0.00000532,36357070.65,193.23,
1554940800000,"2019-04-10",0.00000492,0.00000525,0.0000048,0.00000525,52231963.31,260.09,
1555027200000,"2019-04-11",0.00000497,0.00000503,0.00000474,0.00000492,30422049.23,148.89,
1555113600000,"2019-04-12",0.000005,0.00000508,0.00000494,0.00000497,23561540.79,118.05,
1555200000000,"2019-04-13",0.00000519,0.00000536,0.00000499,0.000005,52553212.28,271.79,
1555286400000,"2019-04-14",0.00000493,0.00000521,0.00000486,0.00000519,39227075.75,197.32,
1555372800000,"2019-04-15",0.0000051,0.00000556,0.00000487,0.00000493,75951811.01,394.53,
1555459200000,"2019-04-16",0.00000506,0.00000517,0.000005,0.0000051,46975195.3,238.89,
1555545600000,"2019-04-17",0.00000512,0.00000519,0.00000504,0.00000506,30507484.73,156.5,
1555632000000,"2019-04-18",0.00000503,0.00000518,0.00000501,0.00000512,30972010.46,157.68,
1555718400000,"2019-04-19",0.00000496,0.00000508,0.00000496,0.00000503,27909332.58,139.68,
1555804800000,"2019-04-20",0.00000479,0.00000497,0.00000469,0.00000496,35677289.3,170.81,
1555891200000,"2019-04-21",0.00000489,0.00000501,0.0000047,0.00000479,58046875.28,280.49,
1555977600000,"2019-04-22",0.00000452,0.0000049,0.00000452,0.00000489,53782630.92,250,
1556064000000,"2019-04-23",0.00000432,0.00000452,0.00000426,0.00000452,54243824.06,234.97,
1556150400000,"2019-04-24",0.00000429,0.00000439,0.00000426,0.00000432,41407541.95,179.07,
1556236800000,"2019-04-25",0.00000428,0.0000043,0.0000042,0.00000429,30303582,128.88,
1556323200000,"2019-04-26",0.00000436,0.00000439,0.00000424,0.00000428,41060984.16,176.1,
1556409600000,"2019-04-27",0.00000431,0.00000441,0.0000043,0.00000435,29288733.12,126.92,
1556496000000,"2019-04-28",0.00000419,0.00000434,0.00000418,0.00000431,24674874.31,105.15,
1556582400000,"2019-04-29",0.00000428,0.00000431,0.00000419,0.00000419,17682465.17,75.31,
1556668800000,"2019-04-30",0.0000042,0.00000432,0.00000419,0.00000428,25646678.9,108.9,
1556755200000,"2019-05-01",0.00000419,0.00000423,0.00000411,0.0000042,20621611.49,86.03,
1556841600000,"2019-05-02",0.00000396,0.00000422,0.00000393,0.00000419,27458072.13,111.5,
1556928000000,"2019-05-03",0.00000383,0.00000399,0.00000381,0.00000396,19193295.67,75.01,
1557014400000,"2019-05-04",0.00000381,0.00000387,0.00000378,0.00000383,15346183.36,58.62,
1557100800000,"2019-05-05",0.00000389,0.00000393,0.00000381,0.00000381,29569161.92,113.89,
1557187200000,"2019-05-06",0.00000379,0.00000397,0.00000374,0.00000389,45619514.84,173.62,
1557273600000,"2019-05-07",0.00000365,0.00000379,0.00000361,0.00000379,20203624.1,74.09,
1557360000000,"2019-05-08",0.00000343,0.00000365,0.00000342,0.00000365,28643961.16,101.05,
1557446400000,"2019-05-09",0.00000334,0.00000344,0.00000328,0.00000343,22361070.08,75.14,
1557532800000,"2019-05-10",0.00000324,0.00000344,0.00000317,0.00000334,34764025.81,115.59,
1557619200000,"2019-05-11",0.00000312,0.00000326,0.00000308,0.00000324,21318299.78,67.12,
1557705600000,"2019-05-12",0.00000285,0.00000333,0.00000283,0.00000312,48802269.97,149.36,
1557792000000,"2019-05-13",0.00000323,0.00000323,0.00000283,0.00000285,42536871.99,129.74,
1557878400000,"2019-05-14",0.00000345,0.00000346,0.00000322,0.00000323,38284341.57,127,
1557964800000,"2019-05-15",0.00000349,0.00000391,0.00000341,0.00000345,81227244.78,295.22,
1558051200000,"2019-05-16",0.00000348,0.00000358,0.00000331,0.00000349,50294242.56,173.93,
1558137600000,"2019-05-17",0.00000352,0.00000363,0.00000345,0.00000348,28551815.26,100.42,
1558224000000,"2019-05-18",0.00000331,0.00000352,0.00000327,0.00000352,27432049.58,91.98,
1558310400000,"2019-05-19",0.00000328,0.00000335,0.00000324,0.00000331,21305959.64,70,
1558396800000,"2019-05-20",0.00000338,0.0000035,0.00000325,0.00000328,35244952.08,118.73,
1558483200000,"2019-05-21",0.00000339,0.00000353,0.00000333,0.00000338,41516797.83,142.44,
1558569600000,"2019-05-22",0.0000033,0.0000034,0.00000326,0.00000339,29523123.77,98.33,
1558656000000,"2019-05-23",0.00000333,0.00000339,0.00000324,0.0000033,27988572.12,92.8,
1558742400000,"2019-05-24",0.0000033,0.00000333,0.00000325,0.00000333,15616938.88,51.42,
1558828800000,"2019-05-25",0.00000322,0.00000359,0.00000318,0.0000033,55603499.44,189.57,
1558915200000,"2019-05-26",0.00000347,0.00000358,0.0000032,0.00000322,56860572.88,191.24,
1559001600000,"2019-05-27",0.00000353,0.00000377,0.0000034,0.00000347,62552178.66,222.29,
1559088000000,"2019-05-28",0.00000344,0.0000036,0.00000337,0.00000353,31152998.99,108.39,
1559174400000,"2019-05-29",0.00000332,0.00000367,0.0000033,0.00000344,43587608.97,151.97,
1559260800000,"2019-05-30",0.00000336,0.00000338,0.0000033,0.00000332,23802037.1,79.21,
1559347200000,"2019-05-31",0.00000331,0.00000341,0.0000033,0.00000336,18196274.34,60.98,
1559433600000,"2019-06-01",0.00000336,0.00000336,0.00000329,0.00000331,20243979.88,67.28,
1559520000000,"2019-06-02",0.00000331,0.00000347,0.00000329,0.00000336,20620905.16,69.36,
1559606400000,"2019-06-03",0.0000033,0.00000336,0.00000322,0.00000331,25757922.17,84.93,
1559692800000,"2019-06-04",0.0000034,0.0000036,0.00000328,0.0000033,43733799.86,149.6,
1559779200000,"2019-06-05",0.0000034,0.00000345,0.0000033,0.0000034,24702480.03,83.17,
1559865600000,"2019-06-06",0.00000374,0.00000418,0.00000334,0.0000034,167347156.26,633.49,
1559952000000,"2019-06-07",0.00000356,0.00000391,0.00000349,0.00000374,40927105.47,149.99,
1560038400000,"2019-06-08",0.00000371,0.00000384,0.0000035,0.00000356,58382776.14,215.04,
1560124800000,"2019-06-09",0.00000373,0.00000386,0.00000364,0.00000371,41835708.08,157.3,
1560211200000,"2019-06-10",0.00000376,0.00000388,0.00000368,0.00000373,26165195.08,98.46,
1560297600000,"2019-06-11",0.00000372,0.00000381,0.00000367,0.00000376,26984530.38,100.72,
1560384000000,"2019-06-12",0.00000357,0.00000373,0.00000351,0.00000372,18474399.95,66.82,
1560470400000,"2019-06-13",0.00000337,0.0000036,0.00000332,0.00000357,31504435.98,109.73,
1560556800000,"2019-06-14",0.00000327,0.00000341,0.00000324,0.00000337,19059702.9,63.1,
1560643200000,"2019-06-15",0.00000321,0.00000329,0.00000304,0.00000327,70988687.07,220.87,
1560729600000,"2019-06-16",0.00000307,0.00000331,0.00000306,0.00000321,34431295.72,107.73,
1560816000000,"2019-06-17",0.00000307,0.00000315,0.00000301,0.00000307,33002568.64,100.94,
1560902400000,"2019-06-18",0.00000306,0.00000313,0.00000304,0.00000307,18062181.21,55.79,
1560988800000,"2019-06-19",0.00000298,0.00000318,0.00000295,0.00000306,45513312.84,138.92,
1561075200000,"2019-06-20",0.00000285,0.00000298,0.00000284,0.00000298,21413330.89,62.6,
1561161600000,"2019-06-21",0.00000281,0.00000288,0.00000257,0.00000285,31294797.32,85.31,
1561248000000,"2019-06-22",0.00000276,0.00000289,0.00000272,0.00000281,17202141.62,48.4,
1561334400000,"2019-06-23",0.00000272,0.00000279,0.00000268,0.00000276,14152108.11,38.78,
1561420800000,"2019-06-24",0.0000026,0.0000028,0.00000257,0.00000272,26851356.09,71.68,
1561507200000,"2019-06-25",0.00000241,0.00000289,0.00000236,0.0000026,83362997.52,215.58,
1561593600000,"2019-06-26",0.00000246,0.00000256,0.00000234,0.00000241,50484048.17,121.86,
1561680000000,"2019-06-27",0.00000234,0.0000025,0.0000023,0.00000246,24562674.05,58.93,
1561766400000,"2019-06-28",0.00000243,0.00000244,0.00000231,0.00000234,17909388.97,42.6,
1561852800000,"2019-06-29",0.00000249,0.00000251,0.0000024,0.00000243,20356306.06,50.06,
1561939200000,"2019-06-30",0.00000259,0.00000266,0.00000249,0.00000249,27317771.94,70.02,
1562025600000,"2019-07-01",0.00000248,0.00000268,0.00000244,0.00000259,22782308.42,58.87,
1562112000000,"2019-07-02",0.00000238,0.00000249,0.00000234,0.00000248,27070730.32,65.2,
1562198400000,"2019-07-03",0.00000239,0.00000241,0.00000229,0.00000238,16843257.79,39.46,
1562284800000,"2019-07-04",0.0000024,0.00000242,0.00000234,0.00000239,23953967.32,56.91,
1562371200000,"2019-07-05",0.00000241,0.00000242,0.00000233,0.0000024,13145997.53,31.16,
1562457600000,"2019-07-06",0.00000246,0.00000258,0.00000237,0.00000241,18534280.82,45.86,
1562544000000,"2019-07-07",0.00000233,0.0000025,0.0000023,0.00000246,21021273.86,50.61,
1562630400000,"2019-07-08",0.0000022,0.00000234,0.00000218,0.00000233,17224635.45,38.26,
1562716800000,"2019-07-09",0.00000209,0.0000022,0.00000201,0.0000022,21371355.6,44.77,
1562803200000,"2019-07-10",0.000002,0.00000214,0.00000194,0.00000209,25224903.58,50.63,
1562889600000,"2019-07-11",0.00000198,0.00000204,0.00000196,0.000002,29731423.23,59.35,
1562976000000,"2019-07-12",0.00000202,0.00000207,0.00000197,0.00000198,16201788.22,32.44,
1563062400000,"2019-07-13",0.00000201,0.00000206,0.00000197,0.00000202,20527623.7,41.18,
1563148800000,"2019-07-14",0.00000192,0.00000203,0.0000019,0.00000201,24228159.94,47.4,
1563235200000,"2019-07-15",0.00000195,0.00000198,0.00000191,0.00000192,17150638.91,33.28,
1563321600000,"2019-07-16",0.00000198,0.000002,0.00000191,0.00000195,20928698.38,41.06,
1563408000000,"2019-07-17",0.00000188,0.00000205,0.00000188,0.00000198,25377903.66,50.07,
1563494400000,"2019-07-18",0.00000193,0.00000199,0.00000188,0.00000188,21195465.9,41.05,
1563580800000,"2019-07-19",0.00000198,0.00000202,0.00000193,0.00000193,13527699.87,26.85,
1563667200000,"2019-07-20",0.00000197,0.00000202,0.00000196,0.00000198,10545728.85,21.01,
1563753600000,"2019-07-21",0.00000211,0.00000224,0.00000196,0.00000197,52832574.81,110.83,
1563840000000,"2019-07-22",0.00000208,0.00000226,0.00000205,0.00000211,31015236.9,66.52,
1563926400000,"2019-07-23",0.00000221,0.00000221,0.00000204,0.00000208,19348345.31,40.88,
1564012800000,"2019-07-24",0.00000212,0.00000222,0.00000211,0.00000221,7605629.87,16.25,
1564099200000,"2019-07-25",0.00000215,0.0000022,0.00000212,0.00000212,10120407.38,21.78,
1564185600000,"2019-07-26",0.00000211,0.00000221,0.00000208,0.00000215,20942666.82,44.83,
1564272000000,"2019-07-27",0.00000211,0.00000214,0.00000211,0.00000211,6169617.05,13.12,
1564358400000,"2019-07-28",0.0000021,0.00000213,0.00000207,0.00000211,8211143.46,17.24,
1564444800000,"2019-07-29",0.00000218,0.00000219,0.00000207,0.0000021,9480715.55,20.11,
1564531200000,"2019-07-30",0.00000214,0.00000241,0.00000211,0.00000218,78941765.58,175.5,
1564617600000,"2019-07-31",0.00000205,0.00000221,0.00000203,0.00000214,17271454.86,36.8,
1564704000000,"2019-08-01",0.000002,0.00000206,0.00000198,0.00000205,7524321.91,15.18,
1564790400000,"2019-08-02",0.00000189,0.00000202,0.00000187,0.000002,9943867.59,19.07,
1564876800000,"2019-08-03",0.0000019,0.00000195,0.00000187,0.00000189,8426018.92,16.09,
1564963200000,"2019-08-04",0.00000174,0.00000191,0.00000172,0.0000019,16139812.67,28.56,
1565049600000,"2019-08-05",0.00000176,0.00000178,0.00000167,0.00000174,10231178.45,17.67,
1565136000000,"2019-08-06",0.00000169,0.00000179,0.00000165,0.00000176,17058941.56,29.64,
1565222400000,"2019-08-07",0.00000166,0.00000173,0.00000166,0.00000169,5313896.67,9.015,
1565308800000,"2019-08-08",0.00000166,0.00000173,0.00000165,0.00000166,13517960.21,22.94,
1565395200000,"2019-08-09",0.00000175,0.00000175,0.00000166,0.00000166,8329959.16,14.2,
1565481600000,"2019-08-10",0.00000174,0.00000177,0.00000173,0.00000175,10322766.48,18.12,
1565568000000,"2019-08-11",0.00000177,0.0000018,0.00000174,0.00000174,9764398,17.29,
1565654400000,"2019-08-12",0.00000179,0.00000189,0.00000174,0.00000177,27662820.32,50.21,
1565740800000,"2019-08-13",0.00000178,0.00000187,0.00000176,0.00000179,15025819.18,27.26,
1565827200000,"2019-08-14",0.00000175,0.00000184,0.00000173,0.00000178,13981336.45,24.89,
1565913600000,"2019-08-15",0.00000169,0.00000184,0.00000166,0.00000175,24779953.53,43.47,
1566000000000,"2019-08-16",0.00000176,0.00000177,0.00000169,0.00000169,6916312.45,11.93,
1566086400000,"2019-08-17",0.00000176,0.0000018,0.00000172,0.00000176,8721944.17,15.31,
1566172800000,"2019-08-18",0.00000169,0.00000177,0.00000169,0.00000176,8628806.39,14.88,
1566259200000,"2019-08-19",0.00000165,0.0000017,0.00000164,0.00000169,7497842.36,12.5,
1566345600000,"2019-08-20",0.00000176,0.00000178,0.00000164,0.00000165,10039016.24,17.29,
1566432000000,"2019-08-21",0.00000183,0.00000242,0.00000176,0.00000176,74250531.24,145.89,
1566518400000,"2019-08-22",0.00000181,0.0000019,0.00000179,0.00000183,21141914.51,39.05,
1566604800000,"2019-08-23",0.00000188,0.00000193,0.0000018,0.00000181,20015538.58,37.64,
1566691200000,"2019-08-24",0.0000018,0.00000192,0.00000179,0.00000188,15823823.11,29.32,
1566777600000,"2019-08-25",0.00000175,0.0000018,0.00000173,0.0000018,9380933.07,16.56,
1566864000000,"2019-08-26",0.00000179,0.00000181,0.00000173,0.00000175,14230106.82,25.22,
1566950400000,"2019-08-27",0.00000162,0.0000018,0.00000156,0.00000179,47193061.11,77.17,
1567036800000,"2019-08-28",0.00000162,0.00000165,0.00000157,0.00000162,11838555.01,19.11,
1567123200000,"2019-08-29",0.0000016,0.00000164,0.00000159,0.00000162,11685944.98,18.86,
1567209600000,"2019-08-30",0.00000161,0.00000163,0.00000159,0.0000016,5209042.78,8.389,
1567296000000,"2019-08-31",0.00000159,0.00000164,0.00000158,0.00000161,6771834.42,10.89,
1567382400000,"2019-09-01",0.00000151,0.00000159,0.00000147,0.00000159,9090763.01,13.9,
1567468800000,"2019-09-02",0.00000148,0.00000152,0.00000144,0.00000151,10027847.06,14.86,
1567555200000,"2019-09-03",0.00000148,0.00000151,0.00000145,0.00000148,7873956.24,11.69,
1567641600000,"2019-09-04",0.00000145,0.0000015,0.00000145,0.00000148,4815441.42,7.088,
1567728000000,"2019-09-05",0.00000148,0.00000149,0.00000142,0.00000145,6769405.65,9.842,
1567814400000,"2019-09-06",0.00000148,0.00000149,0.00000144,0.00000148,8194370.98,11.95,
1567900800000,"2019-09-07",0.00000151,0.00000153,0.00000145,0.00000148,9347947.97,13.97,
1567987200000,"2019-09-08",0.0000015,0.00000152,0.00000147,0.00000151,6848504.66,10.25,
1568073600000,"2019-09-09",0.00000153,0.00000154,0.00000148,0.0000015,13477902.92,20.39,
1568160000000,"2019-09-10",0.00000147,0.00000155,0.00000146,0.00000153,10751864.36,16.07,
1568246400000,"2019-09-11",0.00000141,0.00000149,0.00000138,0.00000147,10467816.89,14.95,
1568332800000,"2019-09-12",0.00000139,0.00000143,0.00000138,0.00000141,5792518.92,8.13,
1568419200000,"2019-09-13",0.00000141,0.00000142,0.00000137,0.00000139,7432062.51,10.39,
1568505600000,"2019-09-14",0.0000014,0.00000142,0.00000138,0.00000141,8180240.24,11.42,
1568592000000,"2019-09-15",0.00000141,0.00000143,0.00000139,0.0000014,5793430.96,8.181,
1568678400000,"2019-09-16",0.00000145,0.00000146,0.00000138,0.00000141,18674773.16,26.58,
1568764800000,"2019-09-17",0.00000158,0.00000169,0.00000145,0.00000145,58923015.98,92.71,
1568851200000,"2019-09-18",0.00000153,0.00000163,0.0000015,0.00000158,47683041.43,74.69,
1568937600000,"2019-09-19",0.00000152,0.00000154,0.00000149,0.00000153,16263391.5,24.71,
1569024000000,"2019-09-20",0.00000154,0.00000156,0.00000151,0.00000152,12741195.98,19.56,
1569110400000,"2019-09-21",0.00000152,0.00000155,0.00000151,0.00000154,9842392.51,15.04,
1569196800000,"2019-09-22",0.0000015,0.00000153,0.00000148,0.00000152,8153129.37,12.28,
1569283200000,"2019-09-23",0.00000142,0.00000152,0.0000014,0.0000015,21925944.99,31.9,
1569369600000,"2019-09-24",0.00000148,0.00000149,0.00000139,0.00000142,50944794.93,73.13,
1569456000000,"2019-09-25",0.00000148,0.00000152,0.00000145,0.00000148,20501277.43,30.29,
1569542400000,"2019-09-26",0.00000151,0.00000152,0.00000147,0.00000148,29275157.05,43.69,
1569628800000,"2019-09-27",0.00000151,0.00000154,0.00000149,0.00000151,14834566.19,22.45,
1569715200000,"2019-09-28",0.0000015,0.00000153,0.00000146,0.00000151,11662615.59,17.51,
1569801600000,"2019-09-29",0.00000154,0.00000154,0.00000149,0.0000015,24381254.66,37.24,
1569888000000,"2019-09-30",0.00000151,0.00000154,0.0000015,0.00000154,12675538.14,19.19,
1569974400000,"2019-10-01",0.00000152,0.00000156,0.0000015,0.00000151,10914135.6,16.74,
1570060800000,"2019-10-02",0.00000152,0.00000154,0.0000015,0.00000152,9495496.66,14.45,
1570147200000,"2019-10-03",0.00000152,0.00000154,0.0000015,0.00000152,6956085.2,10.62,
1570233600000,"2019-10-04",0.00000158,0.00000159,0.00000152,0.00000152,18565137.15,29.14,
1570320000000,"2019-10-05",0.0000016,0.00000161,0.00000157,0.00000158,8724197.25,13.87,
1570406400000,"2019-10-06",0.0000016,0.00000165,0.00000158,0.0000016,17423064.8,28.07,
1570492800000,"2019-10-07",0.00000167,0.00000168,0.00000159,0.0000016,13297726.93,21.86,
1570579200000,"2019-10-08",0.00000162,0.00000176,0.00000158,0.00000167,26032653.61,43.53,
1570665600000,"2019-10-09",0.00000156,0.00000162,0.00000152,0.00000162,14974563.33,23.37,
1570752000000,"2019-10-10",0.00000153,0.00000156,0.00000148,0.00000156,23341049.47,35.36,
1570838400000,"2019-10-11",0.0000015,0.00000154,0.0000015,0.00000153,7331884.54,11.15,
1570924800000,"2019-10-12",0.00000155,0.00000159,0.00000149,0.0000015,23803755.31,36.87,
1571011200000,"2019-10-13",0.00000156,0.00000158,0.00000152,0.00000155,14194672.81,22.01,
1571097600000,"2019-10-14",0.00000155,0.00000157,0.00000153,0.00000156,8350109.77,12.9,
1571184000000,"2019-10-15",0.00000154,0.00000155,0.00000151,0.00000155,6743829.77,10.34,
1571270400000,"2019-10-16",0.00000157,0.0000016,0.00000154,0.00000154,12773086.85,20.11,
1571356800000,"2019-10-17",0.00000155,0.00000158,0.00000154,0.00000157,7948012.59,12.39,
1571443200000,"2019-10-18",0.00000158,0.00000159,0.00000155,0.00000155,4717575.53,7.368,
1571529600000,"2019-10-19",0.00000151,0.00000158,0.00000147,0.00000158,8222065.43,12.5,
1571616000000,"2019-10-20",0.00000151,0.00000152,0.00000149,0.00000151,7333044.03,11.02,
1571702400000,"2019-10-21",0.00000151,0.00000154,0.00000148,0.00000151,13841114.6,20.86,
1571788800000,"2019-10-22",0.00000154,0.00000155,0.00000148,0.00000151,9901232.3,15.04,
1571875200000,"2019-10-23",0.00000156,0.00000157,0.00000153,0.00000154,10446793.79,16.2,
1571961600000,"2019-10-24",0.00000143,0.00000157,0.00000141,0.00000156,16762841.01,25.01,
1572048000000,"2019-10-25",0.00000132,0.00000144,0.00000125,0.00000143,27854412.34,36.89,
1572134400000,"2019-10-26",0.00000134,0.00000135,0.00000127,0.00000132,19966720.51,26.24,
1572220800000,"2019-10-27",0.00000142,0.00000148,0.00000133,0.00000134,31812285.77,44.36,
1572307200000,"2019-10-28",0.00000139,0.00000143,0.00000136,0.00000142,23604119.01,32.86,
1572393600000,"2019-10-29",0.0000014,0.00000165,0.00000138,0.00000139,56070697.74,81.39,
1572480000000,"2019-10-30",0.00000141,0.00000144,0.00000138,0.0000014,16621234.52,23.45,
1572566400000,"2019-10-31",0.00000148,0.00000152,0.00000141,0.00000141,43198324.09,63.94,
1572652800000,"2019-11-01",0.00000152,0.00000158,0.00000146,0.00000148,39561539.59,60.34,
1572739200000,"2019-11-02",0.00000149,0.00000153,0.00000146,0.00000152,27285757.67,40.66,
1572825600000,"2019-11-03",0.00000144,0.00000149,0.00000142,0.00000149,18649617.61,27.1,
1572912000000,"2019-11-04",0.00000151,0.00000155,0.00000144,0.00000144,21642022.92,32.47,
1572998400000,"2019-11-05",0.00000149,0.00000151,0.00000147,0.00000151,9481549.04,14.12,
1573084800000,"2019-11-06",0.00000146,0.00000149,0.00000144,0.00000149,3022894.24,4.415,
1573171200000,"2019-11-07",0.00000145,0.00000147,0.00000142,0.00000146,7529284.52,10.87,
1573257600000,"2019-11-08",0.00000146,0.00000148,0.00000143,0.00000145,4587728.91,6.674,
1573344000000,"2019-11-09",0.00000145,0.0000015,0.00000145,0.00000146,6655606.51,9.781,
1573430400000,"2019-11-10",0.00000148,0.00000149,0.00000145,0.00000145,3950937.14,5.801,
1573516800000,"2019-11-11",0.00000144,0.00000148,0.00000144,0.00000148,5260940.84,7.661,
1573603200000,"2019-11-12",0.00000148,0.00000152,0.00000144,0.00000144,26286191.77,39.23,
1573689600000,"2019-11-13",0.00000148,0.00000149,0.00000146,0.00000148,11805973.65,17.41,
1573776000000,"2019-11-14",0.00000147,0.00000149,0.00000145,0.00000148,10448018.34,15.39,
1573862400000,"2019-11-15",0.0000015,0.0000015,0.00000147,0.00000147,5016730.01,7.459,
1573948800000,"2019-11-16",0.0000015,0.00000152,0.00000148,0.0000015,8520787,12.77,
1574035200000,"2019-11-17",0.0000015,0.00000152,0.00000148,0.0000015,14263508.48,21.43,
1574121600000,"2019-11-18",0.00000148,0.00000151,0.00000145,0.0000015,18657688.43,27.52,
1574208000000,"2019-11-19",0.00000149,0.0000015,0.00000147,0.00000148,16307884.69,24.33,
1574294400000,"2019-11-20",0.00000148,0.00000151,0.00000145,0.00000149,31161691.22,46.08,
1574380800000,"2019-11-21",0.00000144,0.00000149,0.00000143,0.00000148,36757592.39,53.71,
1574467200000,"2019-11-22",0.00000146,0.00000146,0.00000143,0.00000144,26427491.64,38.2,
1574553600000,"2019-11-23",0.00000139,0.00000147,0.00000138,0.00000146,41369290.71,59.38,
1574640000000,"2019-11-24",0.00000139,0.00000144,0.00000132,0.00000139,51331440.26,70.59,
1574726400000,"2019-11-25",0.0000014,0.00000146,0.00000117,0.00000139,58464271.7,82.11,
1574812800000,"2019-11-26",0.00000144,0.00000146,0.00000139,0.0000014,32988364.13,47.35,
1574899200000,"2019-11-27",0.00000148,0.00000154,0.00000143,0.00000144,84319785.22,124.26,
1574985600000,"2019-11-28",0.00000151,0.00000156,0.00000148,0.00000148,19513587.49,30.24,
1575072000000,"2019-11-29",0.00000149,0.00000155,0.00000146,0.00000151,10278346.01,15.35,
1575158400000,"2019-11-30",0.00000147,0.00000155,0.00000147,0.00000149,20163932.53,30.35,
1575244800000,"2019-12-01",0.00000149,0.00000154,0.00000146,0.00000147,23502058.86,35.21,
1575331200000,"2019-12-02",0.0000015,0.00000154,0.00000145,0.00000149,27120869.44,40.78,
1575417600000,"2019-12-03",0.00000146,0.00000151,0.00000142,0.0000015,14329697.18,21.1,
1575504000000,"2019-12-04",0.00000141,0.00000147,0.00000139,0.00000146,11841852.28,16.85,
1575590400000,"2019-12-05",0.00000149,0.00000149,0.00000139,0.00000141,22338188.83,32.16,
1575676800000,"2019-12-06",0.00000147,0.00000153,0.00000144,0.00000149,45472902.59,67.64,
1575763200000,"2019-12-07",0.00000144,0.00000147,0.00000143,0.00000147,5240842.56,7.595,
1575849600000,"2019-12-08",0.00000144,0.00000145,0.00000141,0.00000144,8579261.59,12.25,
1575936000000,"2019-12-09",0.00000142,0.00000144,0.0000014,0.00000144,9605257.45,13.64,
1576022400000,"2019-12-10",0.00000142,0.00000143,0.0000014,0.00000142,4888319.34,6.908,
1576108800000,"2019-12-11",0.00000141,0.00000142,0.0000014,0.00000142,10798356.26,15.19,
1576195200000,"2019-12-12",0.00000141,0.00000142,0.00000139,0.00000141,20696409.78,29.11,
1576281600000,"2019-12-13",0.00000143,0.00000144,0.0000014,0.00000141,23074160.66,32.83,
1576368000000,"2019-12-14",0.00000144,0.00000145,0.00000141,0.00000143,18151442.39,26.03,
1576454400000,"2019-12-15",0.0000014,0.00000145,0.00000139,0.00000144,26136827.37,37.09,
1576540800000,"2019-12-16",0.00000134,0.00000142,0.00000133,0.0000014,29287359.02,40.25,
1576627200000,"2019-12-17",0.00000131,0.00000135,0.00000129,0.00000134,27995844.97,37.13,
1576713600000,"2019-12-18",0.00000129,0.00000131,0.00000128,0.00000131,21768434.11,28.18,
1576800000000,"2019-12-19",0.00000132,0.00000132,0.00000128,0.00000129,24603643.91,31.98,
1576886400000,"2019-12-20",0.00000131,0.00000134,0.0000013,0.00000132,24100034.46,31.72,
1576972800000,"2019-12-21",0.0000013,0.00000133,0.00000129,0.00000131,19655858.76,25.7,
1577059200000,"2019-12-22",0.00000128,0.0000013,0.00000126,0.0000013,25257715.5,32.24,
1577145600000,"2019-12-23",0.00000128,0.0000013,0.00000126,0.00000128,19939286.37,25.45,
1577232000000,"2019-12-24",0.00000128,0.00000129,0.00000127,0.00000128,18928300.99,24.22,
1577318400000,"2019-12-25",0.00000126,0.00000128,0.00000125,0.00000128,19915269.6,25.16,
1577404800000,"2019-12-26",0.00000124,0.00000127,0.00000123,0.00000126,20941665.11,26.17,
1577491200000,"2019-12-27",0.00000123,0.00000125,0.00000122,0.00000124,22770771.24,28.12,
1577577600000,"2019-12-28",0.00000124,0.00000125,0.00000122,0.00000123,19798305.82,24.51,
1577664000000,"2019-12-29",0.00000123,0.00000125,0.00000122,0.00000124,21942970.86,27.04,
1577750400000,"2019-12-30",0.00000125,0.00000126,0.00000122,0.00000123,26691282.47,33.15,
1577836800000,"2019-12-31",0.00000128,0.0000013,0.00000125,0.00000125,30211865.9,38.57,
1577923200000,"2020-01-01",0.00000129,0.0000013,0.00000126,0.00000128,25646768.8,32.78,
1578009600000,"2020-01-02",0.00000122,0.0000013,0.0000012,0.00000129,41070101.9,50.94,
1578096000000,"2020-01-03",0.00000121,0.00000127,0.00000121,0.00000122,29589786.96,36.36,
1578182400000,"2020-01-04",0.00000122,0.00000123,0.0000012,0.00000121,21107591.02,25.75,
1578268800000,"2020-01-05",0.00000121,0.00000126,0.0000012,0.00000122,31170975.17,38.25,
1578355200000,"2020-01-06",0.00000118,0.00000124,0.00000118,0.00000121,35602195.04,42.91,
1578441600000,"2020-01-07",0.00000115,0.00000119,0.00000112,0.00000118,28750749.44,32.88,
1578528000000,"2020-01-08",0.00000114,0.00000116,0.00000113,0.00000115,28725098.17,32.85,
1578614400000,"2020-01-09",0.00000113,0.00000115,0.00000112,0.00000114,28031716.47,31.86,
1578700800000,"2020-01-10",0.00000113,0.00000114,0.00000111,0.00000113,24536000.47,27.61,
1578787200000,"2020-01-11",0.00000116,0.00000117,0.00000113,0.00000113,24714462.25,28.47,
1578873600000,"2020-01-12",0.00000116,0.00000117,0.00000114,0.00000116,25714480.9,29.72,
1578960000000,"2020-01-13",0.00000113,0.00000116,0.00000111,0.00000116,32412772.89,36.83,
1579046400000,"2020-01-14",0.00000117,0.0000012,0.00000113,0.00000113,43152469.37,50.77,
1579132800000,"2020-01-15",0.00000116,0.00000118,0.00000115,0.00000117,26596131.75,30.9,
1579219200000,"2020-01-16",0.00000118,0.00000119,0.00000115,0.00000116,34798441.67,40.93,
1579305600000,"2020-01-17",0.0000012,0.00000122,0.00000117,0.00000118,30679516.23,36.48,
1579392000000,"2020-01-18",0.00000118,0.00000124,0.00000117,0.0000012,38455667.82,46.27,
1579478400000,"2020-01-19",0.0000012,0.0000012,0.00000117,0.00000118,24573065.89,29,
1579564800000,"2020-01-20",0.00000122,0.00000123,0.00000118,0.0000012,25670597.36,30.93,
1579651200000,"2020-01-21",0.00000124,0.00000125,0.00000121,0.00000122,28636035.3,35.36,
1579737600000,"2020-01-22",0.0000012,0.00000125,0.0000012,0.00000124,24907966.45,30.43,
1579824000000,"2020-01-23",0.00000124,0.00000125,0.0000012,0.0000012,26440657.31,32.23,
1579910400000,"2020-01-24",0.00000124,0.00000125,0.00000123,0.00000124,19417316.99,24.09,
1579996800000,"2020-01-25",0.00000125,0.00000127,0.00000123,0.00000124,24884062.3,31.08,
1580083200000,"2020-01-26",0.0000012,0.00000125,0.0000012,0.00000125,31005750.13,37.86,
1580169600000,"2020-01-27",0.00000118,0.00000123,0.00000118,0.0000012,27157209.16,32.72,
1580256000000,"2020-01-28",0.00000118,0.0000012,0.00000117,0.00000118,22821702.37,27.03,
1580342400000,"2020-01-29",0.00000115,0.00000119,0.00000114,0.00000118,25864484.85,30.1,
1580428800000,"2020-01-30",0.00000116,0.00000117,0.00000114,0.00000115,28803999.44,33.31,
1580515200000,"2020-01-31",0.00000153,0.00000158,0.00000116,0.00000116,169079335.22,233.19,
1580601600000,"2020-02-01",0.00000146,0.00000178,0.00000144,0.00000153,374344843.54,606.53,
1580688000000,"2020-02-02",0.00000148,0.00000154,0.00000143,0.00000146,102061682.53,151.92,
1580774400000,"2020-02-03",0.00000151,0.00000153,0.00000143,0.00000148,60783885.18,89.62,
1580860800000,"2020-02-04",0.00000159,0.00000164,0.00000148,0.00000151,88097422.58,137.94,
1580947200000,"2020-02-05",0.00000157,0.00000163,0.00000154,0.00000159,70525727.35,111.81,
1581033600000,"2020-02-06",0.00000162,0.00000162,0.00000153,0.00000157,78781393.71,124.58,
1581120000000,"2020-02-07",0.00000158,0.00000164,0.00000152,0.00000162,87651310.45,138.81,
1581206400000,"2020-02-08",0.00000172,0.00000194,0.00000157,0.00000158,176075016.58,302.37,
1581292800000,"2020-02-09",0.00000169,0.00000177,0.00000163,0.00000172,89545189.52,151.38,
1581379200000,"2020-02-10",0.00000173,0.00000175,0.00000166,0.00000169,57866672.28,98.37,
1581465600000,"2020-02-11",0.00000182,0.00000189,0.00000171,0.00000173,75513391.21,136.37,
1581552000000,"2020-02-12",0.00000207,0.00000271,0.00000173,0.00000182,418862045.93,934.1,
1581638400000,"2020-02-13",0.00000211,0.00000229,0.00000198,0.00000207,177031129.54,373.31,
1581724800000,"2020-02-14",0.00000208,0.00000249,0.00000205,0.00000211,174734859.19,393.18,
1581811200000,"2020-02-15",0.00000196,0.00000228,0.00000179,0.00000208,137546045.34,279.82,
1581897600000,"2020-02-16",0.0000019,0.00000197,0.00000171,0.00000196,124954103.12,227.46,
1581984000000,"2020-02-17",0.00000202,0.00000212,0.00000188,0.0000019,105345724.76,211.11,
1582070400000,"2020-02-18",0.00000191,0.00000204,0.00000189,0.00000202,84950954.1,166.18,
1582156800000,"2020-02-19",0.00000181,0.00000195,0.00000176,0.00000191,115631503.27,213.85,
1582243200000,"2020-02-20",0.00000179,0.00000187,0.00000176,0.00000181,102652294.91,185.77,
1582329600000,"2020-02-21",0.0000018,0.00000182,0.00000176,0.00000179,52206147.04,93.6,
1582416000000,"2020-02-22",0.00000193,0.00000199,0.00000179,0.0000018,72396418.91,137.71,
1582502400000,"2020-02-23",0.00000181,0.00000195,0.00000179,0.00000193,83363680.91,154.17,
1582588800000,"2020-02-24",0.00000171,0.00000182,0.0000017,0.00000181,59799961.55,104.48,
1582675200000,"2020-02-25",0.00000159,0.00000171,0.00000151,0.00000171,87536493.68,138.88,
1582761600000,"2020-02-26",0.00000169,0.00000172,0.00000153,0.00000159,76185128.65,125.95,
1582848000000,"2020-02-27",0.00000168,0.00000175,0.00000158,0.00000169,65540123.3,109.18,
1582934400000,"2020-02-28",0.00000166,0.00000171,0.00000164,0.00000168,71135915.13,119.42,
1583020800000,"2020-02-29",0.00000169,0.00000175,0.00000163,0.00000166,288323429.34,484.58,
1583107200000,"2020-03-01",0.00000176,0.00000177,0.00000168,0.00000169,60811197.24,105.21,
1583193600000,"2020-03-02",0.0000018,0.00000187,0.00000172,0.00000176,76765677.85,137.83,
1583280000000,"2020-03-03",0.00000184,0.00000185,0.00000178,0.0000018,52176137.88,94.57,
1583366400000,"2020-03-04",0.00000181,0.00000185,0.00000181,0.00000184,52455250.18,96.04,
1583452800000,"2020-03-05",0.0000017,0.00000182,0.00000168,0.00000181,64112611.1,111.94,
1583539200000,"2020-03-06",0.00000169,0.00000177,0.00000168,0.0000017,78766108.88,135.9,
1583625600000,"2020-03-07",0.00000158,0.00000171,0.00000154,0.00000169,81956027.3,132.57,
1583712000000,"2020-03-08",0.00000157,0.00000166,0.00000147,0.00000158,56045558.92,87.99,
1583798400000,"2020-03-09",0.00000159,0.00000166,0.00000151,0.00000157,17458258.11,27.17,
1583884800000,"2020-03-10",0.00000156,0.00000167,0.00000147,0.00000159,47740401.51,74.29,
1583971200000,"2020-03-11",0.00000146,0.00000165,0.00000112,0.00000156,112933212.04,165.24,
1584057600000,"2020-03-12",0.00000161,0.00000172,0.00000127,0.00000146,139569617.35,214.72,
1584144000000,"2020-03-13",0.00000162,0.00000171,0.00000151,0.00000161,64602792.04,101.3,
1584230400000,"2020-03-14",0.00000157,0.00000172,0.00000148,0.00000162,52287029.77,84.32,
1584316800000,"2020-03-15",0.00000142,0.00000175,0.00000132,0.00000157,55444915.81,81.45,
1584403200000,"2020-03-16",0.00000147,0.00000155,0.00000134,0.00000142,144785450.32,210.8,
1584489600000,"2020-03-17",0.00000144,0.00000163,0.0000014,0.00000147,237700342.12,347.36,
1584576000000,"2020-03-18",0.00000253,0.00000264,0.00000141,0.00000144,962334498.16,2256.41,
1584662400000,"2020-03-19",0.00000204,0.00000262,0.00000198,0.00000253,324186015.87,710.51,
1584748800000,"2020-03-20",0.00000212,0.00000243,0.00000191,0.00000204,243388818.7,488.52,
1584835200000,"2020-03-21",0.00000189,0.00000215,0.00000186,0.00000212,213195172.16,410.68,
1584921600000,"2020-03-22",0.00000237,0.00000262,0.0000018,0.00000189,312713660.36,713.94,
1585008000000,"2020-03-23",0.00000222,0.00000238,0.00000218,0.00000237,142365798.76,320,
1585094400000,"2020-03-24",0.00000224,0.00000237,0.00000206,0.00000222,142425369.06,314.76,
1585180800000,"2020-03-25",0.00000256,0.00000263,0.00000221,0.00000224,180811793.84,437.87,
1585267200000,"2020-03-26",0.00000235,0.00000264,0.00000234,0.00000256,142501004.61,352.78,
1585353600000,"2020-03-27",0.00000276,0.00000285,0.00000227,0.00000235,214827369.24,550.36,
1585440000000,"2020-03-28",0.0000028,0.00000322,0.00000265,0.00000276,305056994.1,899.77,
1585526400000,"2020-03-29",0.00000277,0.00000319,0.00000275,0.0000028,185136791.03,540.1,
1585612800000,"2020-03-30",0.00000277,0.00000291,0.00000273,0.00000277,101105345.25,282.66,
1585699200000,"2020-03-31",0.00000269,0.00000279,0.00000266,0.00000277,79232142.59,214.69,
1585785600000,"2020-04-01",0.00000261,0.0000027,0.00000249,0.00000269,83202119.2,216.49,
1585872000000,"2020-04-02",0.00000262,0.00000264,0.0000025,0.00000261,95087809.42,244.16,
1585958400000,"2020-04-03",0.00000242,0.00000263,0.00000236,0.00000262,113650339.23,286.75,
1586044800000,"2020-04-04",0.00000235,0.00000247,0.00000234,0.00000242,89878706.5,216.91,
1586131200000,"2020-04-05",0.00000237,0.00000242,0.00000231,0.00000235,80863672.93,190.92,
1586217600000,"2020-04-06",0.00000234,0.00000238,0.00000227,0.00000237,77627000.13,180.28,
1586304000000,"2020-04-07",0.00000234,0.00000236,0.00000227,0.00000234,58201350.83,134.74,
1586390400000,"2020-04-08",0.00000235,0.00000237,0.0000023,0.00000234,78152969.48,182.45,
1586476800000,"2020-04-09",0.0000023,0.0000024,0.00000222,0.00000235,74828332.64,171.96,
1586563200000,"2020-04-10",0.00000236,0.0000025,0.00000225,0.0000023,87773488.37,207.35,
1586649600000,"2020-04-11",0.00000235,0.00000247,0.00000233,0.00000236,94837522.65,226.43,
1586736000000,"2020-04-12",0.00000233,0.00000245,0.00000229,0.00000235,91501958.62,215.7,
1586822400000,"2020-04-13",0.00000236,0.00000239,0.00000232,0.00000233,58986825.82,139.58,
1586908800000,"2020-04-14",0.00000238,0.00000242,0.00000234,0.00000236,65834885.08,156.02,
1586995200000,"2020-04-15",0.00000234,0.00000239,0.00000233,0.00000238,63561127.83,149.63,
1587081600000,"2020-04-16",0.00000233,0.00000236,0.00000231,0.00000234,72055619.1,167.84,
1587168000000,"2020-04-17",0.00000233,0.00000235,0.00000231,0.00000233,76284524.94,177.84,
1587254400000,"2020-04-18",0.00000238,0.00000239,0.00000231,0.00000233,76287056.29,178.4,
1587340800000,"2020-04-19",0.0000024,0.00000253,0.00000238,0.00000238,100372230.61,245.85,
1587427200000,"2020-04-20",0.0000025,0.00000259,0.00000237,0.0000024,94684193.57,232.65,
1587513600000,"2020-04-21",0.00000251,0.00000259,0.00000246,0.0000025,114953850.9,290.1,
1587600000000,"2020-04-22",0.00000246,0.00000254,0.00000244,0.00000251,90840430.75,224.98,
1587686400000,"2020-04-23",0.00000257,0.00000267,0.00000245,0.00000246,108750693.25,280.37,
1587772800000,"2020-04-24",0.00000254,0.0000026,0.00000251,0.00000257,104090010.28,264.85,
1587859200000,"2020-04-25",0.0000025,0.00000256,0.00000245,0.00000254,69506227.19,174.17,
1587945600000,"2020-04-26",0.00000243,0.0000025,0.0000024,0.0000025,90755812.86,222.14,
1588032000000,"2020-04-27",0.00000246,0.00000247,0.0000024,0.00000243,75037871.32,182.64,
1588118400000,"2020-04-28",0.00000239,0.00000267,0.00000229,0.00000246,149670730.43,370.57,
1588204800000,"2020-04-29",0.0000024,0.00000248,0.00000228,0.00000239,102336008.09,242.94,
1588291200000,"2020-04-30",0.0000025,0.00000254,0.00000239,0.0000024,74110733.72,182.88,
1588377600000,"2020-05-01",0.0000024,0.00000251,0.00000237,0.0000025,60954136.65,148.31,
1588464000000,"2020-05-02",0.0000023,0.00000241,0.00000229,0.0000024,52716116.14,123.37,
1588550400000,"2020-05-03",0.0000023,0.00000231,0.00000219,0.0000023,69500325.72,156.7,
1588636800000,"2020-05-04",0.00000257,0.00000264,0.00000228,0.0000023,156945059.68,386.99,
1588723200000,"2020-05-05",0.00000263,0.00000276,0.00000249,0.00000257,189621904.88,500.36,
1588809600000,"2020-05-06",0.00000287,0.00000324,0.00000258,0.00000263,486754825.07,1420.22,
1588896000000,"2020-05-07",0.00000304,0.00000342,0.00000279,0.00000287,399923526.02,1197.84,
1588982400000,"2020-05-08",0.00000313,0.00000313,0.00000287,0.00000304,205796666.73,614.42,
1589068800000,"2020-05-09",0.00000346,0.00000378,0.0000029,0.00000313,317961343.99,1072.98,
1589155200000,"2020-05-10",0.00000381,0.00000407,0.00000345,0.00000346,435095316.67,1641.25,
1589241600000,"2020-05-11",0.00000362,0.00000414,0.00000353,0.00000381,291069413.42,1095.45,
1589328000000,"2020-05-12",0.00000332,0.00000364,0.00000324,0.00000362,160242129.54,544.96,
1589414400000,"2020-05-13",0.00000312,0.00000353,0.00000301,0.00000332,130733775.17,421.65,
1589500800000,"2020-05-14",0.00000306,0.00000319,0.00000301,0.00000312,141833781.14,436.49,
1589587200000,"2020-05-15",0.00000296,0.00000309,0.00000294,0.00000306,92016462.32,275.53,
1589673600000,"2020-05-16",0.00000297,0.00000308,0.00000293,0.00000296,121368993.92,363.77,
1589760000000,"2020-05-17",0.00000291,0.00000297,0.00000287,0.00000297,127760543.15,372.08,
1589846400000,"2020-05-18",0.00000281,0.00000292,0.00000276,0.00000291,140528490.4,394.51,
1589932800000,"2020-05-19",0.0000028,0.00000286,0.00000274,0.00000281,154328302.77,432.13,
1590019200000,"2020-05-20",0.00000273,0.0000028,0.00000261,0.0000028,209321334,566.98,
1590105600000,"2020-05-21",0.00000279,0.00000295,0.0000027,0.00000273,194814197.45,546,
1590192000000,"2020-05-22",0.00000293,0.00000299,0.00000277,0.00000279,160189160.14,456.37,
1590278400000,"2020-05-23",0.00000284,0.00000301,0.00000284,0.00000293,169303735.64,495.57,
1590364800000,"2020-05-24",0.00000292,0.00000297,0.00000283,0.00000284,146503305.31,424.8,
1590451200000,"2020-05-25",0.00000299,0.0000031,0.0000029,0.00000292,165315709.56,492.99,
1590537600000,"2020-05-26",0.00000289,0.00000305,0.00000286,0.00000299,154684308.97,455.26,
1590624000000,"2020-05-27",0.00000288,0.00000301,0.0000028,0.00000289,171143425.32,496.5,
1590710400000,"2020-05-28",0.00000287,0.0000029,0.00000283,0.00000288,153986342.47,442.69,
1590796800000,"2020-05-29",0.00000291,0.000003,0.00000286,0.00000287,155311526.39,450.74,
1590883200000,"2020-05-30",0.00000305,0.00000328,0.0000029,0.00000291,176099719.66,543.6,
1590969600000,"2020-05-31",0.0000029,0.00000317,0.00000286,0.00000305,144210684.12,445.76,
1591056000000,"2020-06-01",0.00000289,0.00000294,0.00000288,0.0000029,52640805.54,152.88,
1590451200000,"2020-05-25",0.00000299,0.0000031,0.0000029,0.00000292,165315709.56,492.99,1590451200
1590537600000,"2020-05-26",0.00000289,0.00000305,0.00000286,0.00000299,154684308.97,455.26,1590537600
1590624000000,"2020-05-27",0.00000288,0.00000301,0.0000028,0.00000289,171143425.32,496.5,1590624000
1590710400000,"2020-05-28",0.00000287,0.0000029,0.00000283,0.00000288,153986342.47,442.69,1590710400
1590796800000,"2020-05-29",0.00000291,0.000003,0.00000286,0.00000287,155311526.39,450.74,1590796800
1590883200000,"2020-05-30",0.00000305,0.00000328,0.0000029,0.00000291,176099719.66,543.6,1590883200
1590969600000,"2020-05-31",0.0000029,0.00000317,0.00000286,0.00000305,144210684.12,445.76,1590969600
1591056000000,"2020-06-01",0.0000029,0.00000294,0.00000288,0.0000029,52037899.84,151.13,1591056000
